gridID,live_tree_density,LAI_sum,LAI_win,,aspect_mean,aspect_std,canopy_height,elevation_mean,elevation_std,forest_cover,ppt_sum,ppt_win,tmax_sum,tmax_win,tmean_sum,tmean_win
0,0.0,0.318931398417,0.580947669305,917.6024,185.15642428,104.880458913,6.52,317.206666667,196.575746102,0.88,53.6666666667,71.9,32.1333333333,24.1333333333,24.1444444444,15.6333333333
1,0.0,0.48172823219,0.615523306948,917.6024,186.210146967,101.458651702,10.52,731.587777778,208.834879126,1.0,54.2666666667,98.2333333333,33.8,22.9666666667,23.0111111111,13.0777777778
2,0.0,0.455189094107,0.590006596306,917.6024,185.468600353,93.5534461322,4.12,1034.63666667,120.243476099,1.0,57.56,90.76,33.2,21.32,21.76,11.2533333333
3,0.0,0.408520475561,0.579876706297,917.6024,185.213930624,106.488843919,7.68,370.155555556,172.298856068,0.8,68.0,83.9722222222,32.8333333333,24.8333333333,24.287037037,15.5833333333
4,5.33500008308,0.811655629139,0.781357615894,917.6024,193.357804275,101.767914644,17.32,1052.64444444,307.656450214,1.0,86.6666666667,118.444444444,31.9166666667,20.6666666667,22.0555555556,12.0277777778
5,3.42629580794,0.469139072848,0.450982339956,966.900222222,162.26242043,99.7995857887,9.96,1071.73222222,435.538854582,0.96,69.5555555556,79.2777777778,34.7222222222,21.0,24.287037037,12.6481481481
6,3.05939669717,0.671004869411,1.03625498008,988.414285714,190.499897043,101.912059391,14.76,613.524444444,231.636987217,0.84,102.055555556,93.2222222222,32.4444444444,23.1111111111,23.3981481481,13.8518518519
7,4.60051602679,0.762588652482,1.00710328014,993.6998,183.12584018,104.208001119,16.04,1087.24666667,230.673167635,0.92,89.0555555556,95.6944444444,32.7777777778,20.1666666667,22.7592592593,11.9259259259
8,3.24217880824,0.821555555556,1.00153333333,1132.766,192.879837931,101.729719501,13.12,333.022222222,176.853886822,0.96,64.2777777778,68.8888888889,31.5833333333,24.4166666667,24.0925925926,15.9814814815
9,9.42705434879,0.992253989362,0.973792109929,1010.024375,185.016469173,105.230273061,14.56,958.766666667,355.795873126,1.0,78.4444444444,90.2222222222,32.3333333333,20.8055555556,23.2222222222,12.7685185185
10,9.68618852135,0.569714095745,0.666566932624,1098.3754,182.475678361,102.154901699,13.4,1239.27777778,249.937068869,0.92,82.4444444444,75.9444444444,32.4722222222,19.5833333333,22.7592592593,11.2685185185
11,0.0,0.336648865154,0.786137071651,1098.3754,164.310662251,111.658583234,5.76,458.656666667,72.5593007286,0.84,58.6111111111,48.4444444444,33.8611111111,25.6388888889,24.8333333333,15.5
12,7.75852495694,0.585617201426,0.570086898396,1005.73077778,180.162293988,100.979916313,11.0,1375.97666667,329.178729754,1.0,86.8333333333,69.9722222222,31.75,18.9722222222,22.3888888889,11.25
13,6.86820630626,0.594444444444,0.840562248996,1029.9018,184.858682566,99.5199436745,9.92,916.438888889,325.630010968,0.92,82.8055555556,64.0277777778,33.6388888889,22.75,24.2222222222,14.2037037037
14,13.6864055682,0.428982597055,0.455142793396,1003.105875,156.239304186,89.7316578338,5.56,928.924444444,770.604988061,0.84,59.75,63.0555555556,36.5555555556,23.6666666667,27.287037037,15.0925925926
15,11.1623523499,0.449586129754,0.427371364653,917.3753,183.210696001,74.70541316,7.92,711.395555556,559.026611553,0.4,65.7777777778,70.5277777778,33.1111111111,24.3888888889,24.6759259259,15.4907407407
16,6.2386378332,0.358713646532,0.391498881432,982.91,177.408308155,82.6115819926,6.08,526.968888889,301.730510977,0.36,69.1944444444,54.3611111111,34.2777777778,25.3333333333,25.5462962963,16.3518518519
17,10.0479265536,0.932260947274,0.88945487042,916.516375,209.981124535,97.0671232388,14.92,992.856666667,527.582552266,0.76,85.0833333333,62.0277777778,32.6944444444,22.2222222222,23.712962963,13.8240740741
18,19.5402474825,1.17676971326,0.991991487455,888.485828571,183.635917282,106.327255375,21.56,2096.12111111,493.216781051,1.0,88.25,88.8888888889,27.0,14.6666666667,17.9537037037,6.99074074074
19,7.0292856488,0.251437556155,0.392486522911,1162.632,88.5363280578,111.042391692,2.72,173.489130435,181.952523743,0.2,12.5625,56.3125,26.4375,22.9375,20.375,14.8541666667
20,4.13427752726,0.404481132075,0.49085804133,1162.632,95.3138913711,112.468656736,4.88,427.519756839,342.53315293,0.32,21.4210526316,66.6842105263,27.0,23.7894736842,21.1052631579,16.1052631579
21,3.87216229189,0.727086137281,0.735240017945,1048.22653571,185.95656003,103.813250107,17.44,1252.73555556,278.122189498,1.0,105.75,97.4444444444,30.8888888889,19.5277777778,22.5092592593,12.1481481481
22,10.1456663954,0.782436069987,0.706852848811,954.564866667,169.752027426,113.302017223,14.12,1495.82777778,420.277636153,1.0,110.777777778,99.3888888889,30.8888888889,18.5833333333,22.0,10.7314814815
23,13.8212597097,0.684028712427,0.593853746074,918.822566667,130.367349531,114.097720786,11.36,1555.52666667,434.009749455,1.0,104.75,79.1944444444,30.6666666667,18.7222222222,21.2685185185,9.87962962963
24,5.24005467084,0.535094212651,0.557144459399,1038.83841667,120.603576953,104.676322495,10.8,1094.23111111,148.196123539,0.84,74.3333333333,55.0277777778,33.2777777778,21.8611111111,23.5462962963,12.25
25,6.24768882439,0.45472821204,0.461736298293,995.526076923,164.670650003,123.010845612,6.32,1330.24777778,375.873426901,1.0,96.5833333333,51.8611111111,32.4722222222,19.3611111111,22.3240740741,10.3796296296
26,11.6095698545,0.303734858681,0.241599371916,952.086736842,134.940382705,124.024858213,4.72,1447.68666667,538.886089427,0.72,77.8611111111,54.3888888889,32.3055555556,18.8611111111,21.8703703704,9.28703703704
27,0.0,0.833535762483,1.43640350877,952.086736842,179.901378565,104.83002626,14.24,221.712222222,111.801353925,1.0,7.77777777778,53.8888888889,28.5833333333,23.9722222222,20.1666666667,15.0740740741
28,10.4333593318,0.789912280702,1.5323774179,1153.3075,188.939210432,98.2933964583,16.8,327.356666667,159.473649896,0.64,7.83333333333,58.3611111111,31.0,24.8333333333,21.7222222222,14.712962963
29,6.9205933403,0.957567567568,1.33042792793,1091.8185625,181.90534712,103.32661807,21.6,738.184444444,399.06878185,0.96,15.5277777778,70.3055555556,31.9166666667,23.2222222222,23.0648148148,14.1203703704
30,6.454875084,0.972517969452,0.995417789757,1044.16628125,178.545478738,101.661388081,25.16,1082.58,353.829813517,1.0,28.7777777778,80.8333333333,32.8611111111,21.1111111111,23.0462962963,12.8703703704
31,7.55517452695,1.02002252252,1.0028490991,1038.444,179.787751474,100.457868369,19.76,1322.25111111,259.896640244,1.0,51.7777777778,89.75,32.7222222222,20.6666666667,22.1851851852,11.4907407407
32,7.56371987822,0.778682432432,0.72472972973,1037.37989286,178.084063018,101.572040318,18.4,1464.91555556,267.592662211,1.0,70.2777777778,87.9166666667,30.1666666667,19.25,20.4907407407,10.2407407407
33,6.51880208925,0.724741689128,0.774225067385,1092.72078788,169.240865621,100.171745769,19.08,1173.35444444,375.746149433,1.0,64.5277777778,68.5,32.1388888889,21.2222222222,22.8518518519,12.5740740741
34,4.68714762159,0.67009009009,0.822916666667,1124.95541176,180.138356767,102.521215406,20.8,932.425555556,304.620849969,1.0,58.1944444444,66.1944444444,32.8888888889,22.0555555556,24.0277777778,13.7685185185
35,3.04041133126,0.474403153153,0.906497747748,1185.985,152.977539844,107.662397403,14.64,953.038888889,177.295452216,0.96,51.4444444444,60.0,33.7222222222,22.1111111111,24.8333333333,13.2222222222
36,6.10112363794,0.692355465221,1.17419828365,1178.8055,164.808977359,118.699117938,10.08,193.705555556,118.139752329,0.6,13.1944444444,51.75,29.1944444444,24.3055555556,20.2222222222,14.3888888889
37,7.43837547384,0.619094399277,1.07040424571,1177.74818519,186.748067001,101.036548518,19.8,551.388888889,208.670122146,0.84,14.7777777778,59.8055555556,31.6111111111,23.1944444444,23.1481481481,14.4074074074
38,5.52130335629,0.596463963964,0.693806306306,1143.40753846,176.298561795,108.015649682,21.12,939.213333333,273.360057718,1.0,15.1666666667,60.1111111111,32.75,20.75,23.7222222222,12.75
39,4.34010720136,0.462793586269,0.532486449864,1157.64716667,166.718370088,117.368284519,10.72,972.485555556,266.901356752,0.88,26.25,44.6111111111,33.2777777778,20.6666666667,23.1203703704,11.6388888889
40,6.10628618493,0.358762420958,0.678940831075,1208.6411,186.175311492,110.670487467,8.68,1085.18777778,285.642304028,0.92,50.6666666667,49.5555555556,33.4444444444,20.1388888889,23.2222222222,11.3796296296
41,18.1001752376,0.657566531349,0.834957149301,1096.8325,174.378277808,109.538010509,16.24,1446.38777778,535.911184252,0.88,75.5833333333,56.8888888889,29.5555555556,17.8055555556,20.4907407407,9.32407407407
42,11.9416308852,0.544391677974,0.974536408865,1122.2851875,151.732105259,111.461206326,14.68,1075.99,503.665760985,0.56,58.3055555556,51.0555555556,31.2777777778,19.9722222222,22.962962963,11.712962963
43,8.15526945162,0.590508322087,0.947143499775,1115.40514286,156.547458313,96.0552921125,11.28,1183.53888889,283.930980735,0.96,52.5,53.3888888889,33.3055555556,20.3055555556,24.0833333333,11.6759259259
44,11.454771579,0.171235827664,0.186621315193,1133.295,51.7740714056,98.3875625707,2.52,261.490909091,102.393602912,0.08,36.625,48.375,26.5,22.875,19.125,14.9583333333
45,3.02678242719,0.580517865219,0.845488466757,1190.25581818,131.113060712,120.542961339,8.28,121.775671406,112.99694627,0.52,30.53125,44.03125,26.71875,23.84375,19.1458333333,14.8229166667
46,8.41675002604,0.806598639456,1.30459183673,1168.62659259,187.115525322,99.5729250635,18.08,345.414444444,149.493821545,0.92,26.4166666667,56.4722222222,30.4444444444,24.2777777778,21.2592592593,13.9537037037
47,6.11392022864,0.607021709634,1.02468340118,1169.68985714,182.775511134,102.480770877,18.48,644.425555556,182.885762802,0.84,23.9166666667,64.5833333333,33.6388888889,22.6111111111,24.4444444444,13.5277777778
48,3.87089523243,0.294195011338,0.772437641723,1220.8318,159.865294492,110.344936941,7.4,718.173333333,176.230269061,0.96,17.0833333333,50.7222222222,33.5,22.0277777778,24.25,12.9907407407
49,0.0,0.727340569878,0.746042514699,1220.8318,131.283142541,140.408685746,6.44,193.444444444,110.922125947,0.08,28.0277777778,51.25,36.25,24.9722222222,27.1388888889,13.9722222222
50,8.69247573654,0.659239130435,1.05785778986,1123.85623333,194.235318577,109.238390549,16.56,1162.01444444,407.125065158,0.64,44.1388888889,61.8888888889,30.2777777778,18.9444444444,21.9351851852,10.9814814815
51,9.62308349069,0.473315241972,0.593848937133,1161.5118,167.348567873,102.033564652,12.24,1423.64222222,249.079502693,1.0,42.9444444444,55.8055555556,30.9166666667,18.3333333333,22.0648148148,10.1759259259
52,4.93667142487,0.477577202543,0.970208900999,1108.68666667,116.667424254,122.369459732,8.04,164.073800738,129.219249648,0.36,41.4,56.4,26.9,23.7333333333,19.3888888889,15.0111111111
53,6.92559798997,0.694198455949,1.1233537693,1133.271,180.538163125,104.638178834,15.52,571.286666667,124.04541301,0.28,28.0277777778,67.8333333333,33.3611111111,23.8888888889,23.3425925926,12.5648148148
54,6.38614414051,0.388408265213,0.877429609446,1175.9035,168.009016974,106.209026438,9.84,638.033333333,124.344499052,0.64,27.2777777778,54.6111111111,34.0555555556,22.9444444444,23.5092592593,11.8611111111
55,0.0,0.458925318761,0.860974499089,1175.9035,174.583280842,111.099392476,6.08,251.527777778,152.183691291,0.52,15.0555555556,49.4722222222,36.75,24.7777777778,27.1666666667,13.9351851852
56,10.1019596886,0.646637228261,1.13583559783,1196.94923077,192.370494159,100.188273354,12.72,982.207777778,419.26547695,0.64,22.4444444444,57.6111111111,33.1111111111,20.5,23.6944444444,12.1018518519
57,9.83787056303,0.719493642144,0.744652588556,1178.8046087,181.992655587,98.3328136904,15.12,1512.00111111,412.091962497,1.0,30.0,53.8055555556,30.8888888889,17.5555555556,21.7777777778,9.93518518519
58,14.0943698502,0.0851915184679,0.139147286822,975.864,43.2016878727,95.6662798457,0.8,187.047619048,192.042193493,0.04,29.1666666667,76.5,22.5,20.3333333333,17.2777777778,14.9444444444
59,12.8940945823,0.908230734154,1.35242818057,998.983909091,135.322098964,118.644268233,11.28,318.495049505,223.139811302,0.6,32.8333333333,89.5,26.4,22.7,19.2666666667,14.5444444444
60,8.91019207546,1.10384790528,1.59071038251,1078.8644,174.679189435,102.744650126,15.08,397.433333333,125.064583316,0.76,38.0555555556,74.9444444444,30.9444444444,24.2777777778,21.1851851852,12.8148148148
61,5.03453003781,0.587028194634,1.25525238745,1135.902,176.981598458,105.138281032,7.92,299.832222222,59.3547682776,0.16,42.25,56.5833333333,33.4166666667,25.0277777778,22.6296296296,12.5740740741
62,0.0,0.404195166439,1.60744414045,1135.902,197.644673898,100.390901937,10.08,531.146666667,249.822983197,0.2,11.6388888889,55.5,35.6111111111,23.1111111111,25.1666666667,12.7592592593
63,12.4026427692,1.05046612096,1.30777626194,1153.8016,185.561648173,100.709009252,17.84,1250.34777778,333.134574318,0.84,16.8888888889,76.1111111111,32.4444444444,19.4166666667,22.6574074074,11.0648148148
64,8.08347040511,0.508924511141,0.616996361983,1164.1676,170.885608962,110.916007044,10.0,1250.93888889,405.341638674,0.88,18.25,66.0833333333,33.5277777778,19.3333333333,23.6944444444,10.5925925926
65,7.73638830608,0.361031420765,0.450853825137,1246.344,181.433876086,103.271499627,3.12,1432.13444444,333.926140756,1.0,15.4722222222,54.7777777778,33.9722222222,19.0555555556,24.2037037037,10.712962963
66,7.69982109134,0.208001828989,0.306001371742,1272.1705,115.55523479,92.1305935057,0.84,1003.21333333,305.586247218,0.8,15.7777777778,44.2777777778,38.0833333333,22.6666666667,27.1111111111,12.037037037
67,18.3828660752,1.08636259717,1.10840192044,927.58,131.390132728,118.075736936,17.52,573.782958199,209.348513632,0.52,17.3333333333,124.333333333,27.7666666667,21.9,20.4666666667,14.0222222222
68,11.0943586981,0.879075342466,1.13173515982,1105.474,175.201910226,100.359649026,18.48,400.963333333,116.206147237,0.4,22.6666666667,71.9166666667,33.5,24.25,22.4537037037,13.0185185185
69,3.91359840747,0.561332417582,1.63601190476,1159.56816667,170.742676435,104.728451957,10.28,299.55,99.2507752559,0.12,24.0,46.9444444444,34.9166666667,25.2222222222,23.25,12.6944444444
70,5.85490806464,0.481312785388,1.45062785388,1177.1645,197.143701353,95.6195790325,12.76,475.92,147.710626414,0.24,20.6944444444,49.6944444444,34.25,24.3055555556,23.037037037,12.0
71,5.10985187277,0.515776255708,1.42471461187,1205.4091,176.552132524,99.9942860637,13.32,630.01,187.773240639,0.28,15.6111111111,53.9166666667,34.25,23.1111111111,24.0,12.0277777778
72,5.1866455423,0.476463191587,1.81324874257,1215.0565,194.279119499,104.820534236,8.24,440.562222222,246.293780125,0.08,8.13888888889,58.4166666667,35.9444444444,23.3333333333,25.6944444444,12.8055555556
73,27.41248461,1.70097165066,1.61508916324,1060.87711429,192.58816758,102.500673209,24.32,1540.41444444,431.141219984,1.0,16.7222222222,88.5277777778,31.3888888889,18.5555555556,21.6018518519,10.5
74,16.2120161926,0.836236854138,0.729355281207,1070.453175,181.270441987,98.9424912872,14.72,1976.83111111,544.075871271,0.92,22.5833333333,78.5277777778,28.7222222222,15.7777777778,19.7222222222,8.2037037037
75,9.3454217955,0.446278538813,0.400433789954,1197.45166667,182.050292456,98.2601632394,6.76,1937.31333333,296.95144691,1.0,14.5555555556,55.9722222222,30.2777777778,16.1388888889,21.5277777778,8.7037037037
76,5.55707406835,0.199119798811,0.239529035208,1289.1365,144.344174042,91.1657370846,1.12,1125.61444444,389.554308312,0.56,12.7222222222,37.25,37.8055555556,22.1944444444,27.3148148148,12.1203703704
77,10.3551775577,1.37414030261,1.2593305823,880.72,119.785316126,120.130216305,16.4,762.182509506,259.229468349,0.6,5.26923076923,164.846153846,26.8846153846,20.2307692308,20.6666666667,13.6666666667
78,6.00102721921,1.34160943223,1.34515796703,989.4809375,170.742372104,102.307228142,23.52,696.754444444,275.210078813,0.88,6.83333333333,133.083333333,32.0555555556,21.8888888889,22.6759259259,13.0462962963
79,5.10621908274,0.698202838828,1.13135302198,1081.09371429,164.438129535,107.700668153,10.36,303.635555556,167.229424784,0.44,8.47222222222,55.8611111111,32.8888888889,24.6944444444,22.3888888889,13.4074074074
80,5.65405725561,0.666460055096,1.2194214876,1157.37084211,182.523441228,100.50783515,16.2,722.334444444,169.654820583,0.48,12.5833333333,59.3611111111,33.6666666667,22.6944444444,23.7222222222,12.3055555556
81,4.25002145643,0.360064190738,1.03368867492,1191.829,146.039742937,99.6250421886,8.68,362.525555556,157.191901163,0.84,7.44444444444,30.8333333333,35.8055555556,24.8888888889,26.4537037037,13.4814814815
82,4.61942577359,0.583608436497,1.75955983494,1185.0118,190.55589305,103.390604091,7.28,447.84,235.505203906,0.2,10.1944444444,67.4166666667,35.5555555556,23.4444444444,25.9444444444,13.3703703704
83,35.9354716707,2.24922054104,1.90093993581,997.311448276,189.76432886,100.318948098,29.36,1786.36444444,477.420441845,0.96,35.0277777778,98.1666666667,28.3333333333,16.3055555556,19.7407407407,8.84259259259
84,19.3804704208,1.08770604396,0.842445054945,1049.2786,189.191119972,100.021911239,17.0,2175.37,390.495266425,0.92,33.6111111111,71.9166666667,27.1944444444,15.4722222222,17.3888888889,6.26851851852
85,18.7007091174,0.688,0.573931034483,1111.89318519,167.18614102,95.1475644362,13.96,2297.01222222,378.141456286,0.88,30.1388888889,56.5555555556,27.9166666667,15.1666666667,18.7037037037,6.63888888889
86,20.7220351667,1.48806896552,1.42065517241,908.49045,113.926704642,122.026071715,16.44,510.701657459,264.387445437,0.56,8.85714285714,125.071428571,26.3571428571,20.7857142857,19.4404761905,13.880952381
87,8.73598365399,1.65967816092,1.73887356322,978.43862963,178.569651684,105.10963724,24.8,735.563333333,299.497140387,0.88,6.0,130.361111111,29.0555555556,20.6666666667,21.7222222222,13.4166666667
88,4.84413511511,0.585439814815,1.06146990741,1174.75807143,185.900671589,102.070758957,16.08,743.924444444,230.347536615,0.2,3.25,48.0555555556,32.4722222222,21.9166666667,23.2222222222,12.8796296296
89,4.96165681479,0.61285485348,0.777552655678,1130.65828571,172.484089476,103.682509477,14.52,875.96,273.331740971,0.68,16.3333333333,49.1388888889,32.5833333333,20.9444444444,24.1759259259,12.5648148148
90,14.452684857,1.1242058011,1.66084254144,1083.52067568,195.63641412,102.839749967,19.28,855.956666667,452.341055338,0.68,29.3888888889,94.6111111111,33.0555555556,20.4444444444,24.6944444444,12.7037037037
91,42.6772605642,1.4541954023,1.03729885057,833.06262069,190.511598076,101.662597234,21.36,2559.05111111,519.21913555,0.76,71.3888888889,118.138888889,23.0555555556,11.5833333333,15.0648148148,4.24074074074
92,31.4653299719,0.80624137931,0.595827586207,1018.25525,185.882184083,97.71333474,11.68,2841.67333333,357.344925123,0.8,60.6388888889,63.75,23.2222222222,11.5833333333,14.4166666667,2.78703703704
93,17.9091303953,0.412672651934,0.291252302026,1098.6654,146.057640413,96.9700378448,7.4,2391.72111111,762.804077801,0.76,46.6944444444,38.8611111111,27.1666666667,14.5833333333,17.8148148148,5.37962962963
94,6.14903625541,0.913111726685,0.972933979686,1082.20613333,145.780062148,122.020321542,12.8,163.414444444,212.655962145,0.44,3.72222222222,49.5,26.7222222222,22.5277777778,19.3425925926,14.1666666667
95,7.48405572693,0.840112799263,1.32274401473,1137.26375,182.984163621,103.754688827,16.76,452.953333333,259.517355532,0.64,1.83333333333,41.8611111111,30.0277777778,22.7777777778,21.2962962963,13.5277777778
96,9.23056787026,0.798534164358,1.78688827331,1106.42676,193.894416921,98.6565949331,10.72,599.005555556,302.936845219,0.36,20.3055555556,85.7222222222,35.1111111111,22.3055555556,26.3240740741,13.1666666667
97,27.2414350421,1.76930613186,1.61755417243,961.257,199.214974815,95.1376070945,28.0,1617.03111111,618.011617231,1.0,50.2777777778,122.055555556,28.6666666667,15.9166666667,20.8055555556,8.55555555556
98,40.138516158,1.10055401662,0.738204062789,804.7,195.542822366,102.806320901,15.0,2764.69333333,539.737594021,0.52,73.6944444444,121.638888889,20.8888888889,9.11111111111,13.2592592593,1.81481481481
99,0.0,0.218291839557,0.102766251729,804.7,179.026892422,101.101347956,0.68,3367.62777778,447.696735532,0.08,60.0833333333,72.25,19.0,6.44444444444,10.7777777778,-0.916666666667
100,0.0,0.227866389274,0.144822006472,804.7,108.667399296,91.190856416,0.52,1634.37777778,662.886844337,0.76,48.5555555556,21.0555555556,33.1111111111,19.5277777778,23.4444444444,9.60185185185
101,0.0,0.163923467036,0.121772706316,804.7,150.361248569,111.087894921,0.0,1622.71333333,782.018435446,0.64,42.7222222222,21.3888888889,31.9444444444,17.8333333333,22.5925925926,9.23148148148
102,10.6783486025,1.17195601852,1.59511574074,1012.37533333,167.147643388,110.84444733,13.64,142.095555556,135.485783519,0.84,1.75,68.8888888889,27.4722222222,22.9444444444,19.4814814815,13.75
103,5.4865108337,0.639016203704,1.56690972222,1138.8455,179.103463834,104.334226533,10.12,430.854444444,202.304978607,0.2,14.2222222222,90.25,35.7222222222,23.0833333333,26.4814814815,12.9351851852
104,19.1887072828,1.28375,1.51280092593,1041.97386047,190.080278214,99.9688761818,21.04,1067.95888889,513.007107898,0.92,24.6388888889,109.083333333,32.2222222222,18.8611111111,23.8796296296,11.0185185185
105,35.1204769563,1.5016087963,1.35056712963,909.4636,187.962883078,102.509752309,28.96,2013.70222222,548.847455224,1.0,48.3333333333,124.472222222,25.8055555556,13.3611111111,18.0555555556,6.43518518519
106,29.2021762446,0.935864539991,0.621474803514,847.4252,191.387108699,102.428690259,17.28,2649.87111111,531.009333512,0.56,67.7777777778,107.833333333,21.5833333333,10.0833333333,14.1111111111,2.82407407407
107,0.0,0.25400462963,0.139340277778,847.4252,154.110130985,98.3331801285,3.2,2773.48555556,802.73046868,0.28,55.75,70.3888888889,23.4166666667,11.1944444444,15.1759259259,3.21296296296
108,12.5600904909,0.245127314815,0.159548611111,1077.54833333,154.261721348,107.623654361,3.2,1736.01333333,644.769055847,1.0,36.8611111111,19.0833333333,31.7777777778,18.1111111111,22.0925925926,8.58333333333
109,0.0,0.129554937413,0.0980412610107,1077.54833333,166.813668773,82.5385604702,0.72,1219.29666667,622.337366341,0.44,22.8333333333,14.6666666667,38.0833333333,21.0,27.7592592593,12.3333333333
110,44.4086554192,3.60165270019,3.38195996276,901.128,179.300893574,102.553373368,31.36,379.381880734,179.782736596,0.96,0.888888888889,143.055555556,29.3333333333,21.9444444444,20.6574074074,13.8888888889
111,34.6564991271,2.41184515531,2.31891515994,894.097666667,168.202341965,107.648295556,25.8,356.852222222,223.033777575,0.8,0.777777777778,156.638888889,29.1111111111,21.3333333333,21.25,13.7407407407
112,10.4521351663,1.1490469549,1.45211529521,1013.68142105,161.693054604,107.394848113,13.92,299.356666667,227.131167464,0.72,0.916666666667,105.583333333,29.5833333333,22.3055555556,21.7037037037,13.5092592593
113,7.7307440264,1.00754300325,1.34568805207,1059.31445714,177.321380388,100.202456654,16.68,451.002222222,134.537751809,0.52,1.13888888889,85.5277777778,31.0,21.3055555556,23.3333333333,13.1388888889
114,0.0,0.705919220056,1.37697307335,1059.31445714,115.466888408,123.896517608,4.52,101.134444444,32.8442237814,0.0,1.77777777778,26.9444444444,35.6111111111,24.0833333333,25.6944444444,12.6018518519
115,5.0434223764,0.606973500697,1.84375871688,1216.1463,184.564085679,103.451659847,7.92,240.755555556,117.834630932,0.0,6.61111111111,38.1111111111,36.2222222222,23.6388888889,26.287037037,12.7037037037
116,7.93590278924,0.774790794979,1.49292189679,1149.66286207,185.986222464,99.3517043525,13.52,505.13,200.161495326,0.32,14.9166666667,64.8611111111,35.5833333333,22.4166666667,25.787037037,12.0740740741
117,20.2040024857,1.5495821727,1.63133704735,1034.68211111,194.752037542,99.4474083544,22.48,1172.47333333,424.872838963,0.96,20.4166666667,97.25,31.75,18.2777777778,23.25,10.2962962963
118,34.8600750244,1.60392225326,1.24811452514,877.297551724,197.803633666,97.0354356653,28.72,2329.97222222,434.826075454,1.0,48.0555555556,112.583333333,23.7222222222,12.6388888889,15.4537037037,3.66666666667
119,32.3962696132,0.832546296296,0.452685185185,756.870454545,186.868257598,99.7595632696,11.24,2879.04222222,341.154498066,0.56,68.1666666667,120.722222222,19.1111111111,9.38888888889,11.6388888889,0.268518518519
120,9.8365861506,0.2299976755,0.0772663877266,918.707,180.048495804,103.600142745,1.12,3342.29777778,334.814287156,0.0,82.8055555556,107.416666667,16.4166666667,5.97222222222,9.77777777778,-1.15740740741
121,5.23321455017,0.288337988827,0.166177839851,1138.59583333,126.221919168,93.8519679394,4.72,2255.36222222,888.248702608,0.6,39.0555555556,42.5555555556,26.9444444444,15.0277777778,18.2037037037,5.83333333333
122,9.95469785324,0.230543981481,0.164201388889,1145.4534,190.576788635,109.884696033,1.84,2044.82444444,502.138723929,0.96,53.25,19.3055555556,27.0555555556,14.25,18.2592592593,5.24074074074
123,27.2584817234,1.07941724942,1.0027972028,916.374875,104.649619864,110.974795144,15.48,171.690423163,212.253136938,0.4,0.666666666667,103.527777778,28.7222222222,21.75,21.0833333333,13.6111111111
124,7.05622009472,0.253584729981,0.498417132216,1035.951,126.728782872,125.187973981,4.64,137.26,187.284564114,0.16,0.138888888889,68.0,28.5,21.9722222222,21.3981481481,13.7314814815
125,9.70820890822,1.15548184358,1.15427141527,1005.57982353,180.116899193,101.66436402,20.68,748.572222222,182.871959777,0.6,0.666666666667,97.2777777778,28.3333333333,18.8611111111,22.3425925926,12.8148148148
126,6.95250731622,0.59317016317,1.95735431235,1205.49194118,186.795879563,100.200077335,5.0,307.301111111,165.312389127,0.04,3.72222222222,40.4444444444,35.0277777778,22.75,25.3240740741,12.537037037
127,11.6490706768,0.924895251397,1.49142225326,1121.26252941,189.739645057,94.0400198337,17.4,575.272222222,210.705598474,0.48,15.3888888889,65.1944444444,34.6111111111,21.8611111111,25.212962963,12.3148148148
128,27.966265228,2.03746498599,2.03525910364,948.068880952,198.717483146,93.3477660177,28.16,1282.85777778,460.79103217,0.96,32.75,102.111111111,31.5833333333,18.3333333333,22.6851851852,9.73148148148
129,33.1427476446,1.66959207459,1.51250582751,900.44862069,186.888723847,95.603167644,31.16,1795.90333333,380.14697244,1.0,34.3055555556,113.083333333,28.1388888889,15.1944444444,19.5277777778,7.31481481481
130,35.3155880752,1.37145513715,1.09963970246,887.240391304,192.474280416,102.698120228,26.6,2378.49777778,425.168375791,0.96,49.6388888889,105.027777778,23.0277777778,12.0277777778,14.6481481481,3.48148148148
131,19.0441998056,0.547331002331,0.28013986014,840.2955,188.056322905,103.180307067,7.24,3121.14222222,403.540164317,0.24,62.4444444444,114.694444444,18.0277777778,7.38888888889,10.5462962963,-0.731481481481
132,6.47385321851,0.336417597765,0.172183426443,933.290375,150.015133692,101.760748713,4.04,2442.78111111,808.515741535,0.4,45.3333333333,40.6666666667,25.75,13.0277777778,16.8888888889,4.66666666667
133,7.54186655772,0.269284712482,0.143653576438,1077.32566667,146.897503131,108.164645546,0.96,1514.38888889,375.781144771,0.76,25.4722222222,12.2222222222,32.6666666667,19.7222222222,21.7962962963,8.63888888889
134,7.77859525801,0.601003734827,1.57126517274,1065.2291875,168.244554802,112.563943282,9.88,466.126666667,269.510477141,0.2,0.0,60.1111111111,28.5277777778,20.0,22.1296296296,12.8425925926
135,0.0,0.998174157303,1.37048220974,1065.2291875,160.559391658,113.392546899,3.2,72.4866666667,15.724320865,0.12,0.0,53.75,34.0,24.0,24.4351851852,12.6666666667
136,6.02830199201,0.635635811127,1.56999766246,1178.76185714,175.407808199,108.516378033,5.84,224.413333333,129.030815613,0.0,0.166666666667,46.1666666667,34.1388888889,23.0,24.9351851852,12.6388888889
137,10.746958532,0.986563670412,1.24631320225,1107.52046667,178.5657279,101.071266825,18.6,659.907777778,217.172101097,0.4,4.05555555556,74.0277777778,33.5833333333,20.8055555556,23.8518518519,11.6388888889
138,20.9065481787,1.65698924731,1.5848059841,991.31947619,185.2560665,99.0308417878,27.0,1076.70111111,302.117752244,0.92,20.6944444444,97.1388888889,31.9722222222,18.6944444444,22.8055555556,10.5555555556
139,33.4410656943,2.03208450047,1.58411531279,851.710309524,191.081918255,104.544132878,31.48,1955.74777778,423.752201889,1.0,53.75,111.944444444,25.7777777778,13.4166666667,17.8888888889,6.06481481481
140,23.8626001326,0.825151940159,0.50829827022,766.55065,188.114280675,97.2358786937,14.08,2752.98,356.224260887,0.56,57.0,120.055555556,22.1111111111,10.0555555556,13.8333333333,1.90740740741
141,24.7270600053,1.03493679775,0.625866104869,773.63453125,180.042291588,99.7663060658,18.8,2667.64555556,404.328719309,0.76,61.7222222222,103.111111111,23.0833333333,10.5555555556,14.1851851852,2.9537037037
142,16.9122478571,0.565684899486,0.327968676952,933.091681818,147.287628893,107.863401776,8.64,2564.01444444,467.867152099,0.2,57.4722222222,72.7222222222,24.0,11.4166666667,14.1574074074,2.38888888889
143,15.9756510488,0.336746143058,0.237213651239,920.637,167.674253759,94.7528703169,2.0,2207.69666667,292.642170938,0.12,35.25,23.75,28.8888888889,15.0555555556,18.1759259259,5.59259259259
144,7.05826701463,0.228335674157,0.124344569288,979.5735,188.84779845,93.268533628,0.0,2047.85,775.86280055,0.52,40.6944444444,18.4444444444,28.3611111111,14.6388888889,18.6018518519,5.82407407407
145,21.2158688351,1.18149320206,1.04770276606,853.461,99.9982115937,115.882107122,10.68,186.343963554,150.72514971,0.4,13.88,82.4,23.88,20.08,18.32,13.6933333333
146,7.43009784762,0.601100187266,1.43512406367,1048.40969565,171.004507952,106.963258252,9.72,258.305555556,163.104652745,0.4,0.777777777778,74.25,29.5833333333,21.6111111111,22.0,12.9722222222
147,6.31011543581,0.655075011721,1.58738865448,1087.028,181.764118475,102.132184796,6.96,236.857777778,103.747052411,0.0,0.0,82.0833333333,34.0,22.7222222222,24.6759259259,12.3981481481
148,9.74376033016,0.883709449929,1.29955336154,1051.05647222,182.188184411,103.707951674,14.24,493.88,170.842666542,0.56,0.388888888889,96.8611111111,33.6944444444,21.5,23.962962963,11.6574074074
149,20.2868905905,1.38004447566,1.29231039326,980.8151,182.210236137,101.033770618,22.6,1000.43333333,242.420179303,1.0,8.52777777778,114.138888889,32.4722222222,19.1111111111,22.5648148148,10.7037037037
150,31.2897469282,1.35862634787,1.0020745429,897.181705882,191.622084167,105.18062184,29.96,1509.52111111,290.692010743,1.0,33.25,117.666666667,28.7777777778,16.1111111111,20.5648148148,8.99074074074
151,24.88156128,1.26164786084,0.792125058768,764.634210526,198.467753542,99.8111236438,23.56,2299.22888889,373.550128793,0.96,59.9722222222,130.888888889,23.6111111111,11.8888888889,15.8055555556,5.05555555556
152,17.1893854402,0.69064697609,0.337447257384,726.362166667,193.911977091,101.215526033,8.28,2911.56888889,293.59710627,0.36,58.2777777778,120.361111111,19.3611111111,8.02777777778,11.6759259259,0.925925925926
153,10.4320102287,0.45498124707,0.235150023441,809.64462069,146.975757612,113.638639863,7.8,2614.96222222,522.647130498,0.08,60.8888888889,83.4722222222,24.0555555556,11.2222222222,14.6574074074,2.81481481481
154,11.1064878461,0.504595674659,0.307204983545,985.305692308,183.876887119,120.064809678,4.68,2372.61222222,233.177466192,0.28,55.1388888889,54.2777777778,26.0277777778,12.9722222222,15.537037037,3.58333333333
155,0.0,0.3453417603,0.220552434457,985.305692308,144.768679386,108.415759714,2.12,2167.09,280.508644569,0.24,46.6388888889,21.0555555556,27.7222222222,14.6111111111,17.4814814815,5.10185185185
156,4.37152199327,0.363704748472,0.220310296192,1128.17775,192.817932479,105.009505102,2.36,2421.93333333,581.583640684,0.28,58.3611111111,17.6111111111,25.1388888889,11.3333333333,16.0833333333,3.90740740741
157,10.5823139373,1.27923131171,1.81820639398,908.172321429,154.743569903,110.854819385,11.56,112.865256125,100.048455387,0.72,10.6666666667,106.694444444,29.3055555556,21.1388888889,20.6666666667,13.0740740741
158,5.99305267301,0.669318717586,1.47202970297,1055.57233333,189.411409354,105.248045126,9.0,162.823333333,102.431477963,0.0,0.0,84.8611111111,33.6944444444,23.1388888889,24.2314814815,12.5833333333
159,11.5924127942,1.11773775895,1.55947504708,961.078076923,178.97798577,100.874950491,15.88,470.051111111,127.26676117,0.84,0.361111111111,140.277777778,33.5833333333,21.8611111111,24.1018518519,12.3333333333
160,22.5565191784,1.89866996234,1.75135357815,906.282,193.739543617,100.542615887,22.28,831.494444444,240.196893708,1.0,2.41666666667,158.75,32.8888888889,20.1944444444,23.1666666667,11.462962963
161,37.6608804783,2.5040960452,2.27961393597,811.53435,199.965136648,100.501816172,31.32,1452.44555556,233.046696161,1.0,12.8055555556,157.805555556,29.8611111111,16.8055555556,20.9537037037,9.26851851852
162,20.5283113548,1.22736581921,0.828519303202,675.881344828,205.914253502,98.3689628404,15.68,2205.13777778,310.638269295,0.52,41.8333333333,186.111111111,24.0277777778,12.3333333333,16.3425925926,5.30555555556
163,10.118305961,0.533792372881,0.179778719397,640.735358974,197.18406117,102.332901049,9.2,2741.48222222,257.221790842,0.08,61.6666666667,212.555555556,19.5555555556,8.58333333333,12.3425925926,1.9537037037
164,9.21576546014,0.624303588291,0.217233238905,718.220227273,171.929144425,107.746530281,7.44,2836.84888889,394.054569612,0.04,66.4444444444,122.416666667,20.3888888889,8.33333333333,12.5462962963,1.46296296296
165,8.60167390933,0.432171361502,0.198180751174,938.965090909,155.473074624,106.685079702,1.36,2328.30333333,292.133265233,0.0,56.9166666667,43.1111111111,26.6111111111,13.2222222222,16.3611111111,3.71296296296
166,37.7239714462,0.90919047619,0.952357142857,806.282,76.1113834531,111.999985101,9.16,159.02020202,101.89728569,0.28,23.6363636364,125.136363636,20.7727272727,19.4545454545,16.196969697,12.5757575758
167,16.4537167527,1.50723004695,2.49876760563,869.415153846,161.165559925,109.948447487,15.28,83.9650900901,67.4372574413,0.64,19.4166666667,113.444444444,28.3888888889,22.1111111111,19.4907407407,12.7037037037
168,12.116373142,1.60368408663,1.63926553672,941.744952381,156.571255938,103.997496372,14.28,195.702222222,183.701310089,0.92,9.25,95.0833333333,31.0277777778,22.1111111111,22.0648148148,12.8333333333
169,8.37808829537,0.912139479905,1.52963356974,967.034045455,189.147958949,104.676995461,11.08,249.546666667,131.351889721,0.48,0.527777777778,122.305555556,33.2777777778,22.3888888889,23.8148148148,12.462962963
170,20.5545779834,2.10283286119,2.04706090652,847.376966667,191.235285472,101.283383634,24.52,686.941111111,191.344006319,1.0,1.33333333333,192.388888889,32.5833333333,20.7777777778,23.5925925926,12.3333333333
171,37.040405567,2.68860520095,2.548356974,783.915317073,197.697103622,101.798036881,31.28,1252.75666667,255.048221388,1.0,5.19444444444,215.944444444,30.1944444444,17.8333333333,21.3981481481,10.0833333333
172,40.4604081414,2.19126477541,1.86995271868,722.673086957,194.906227824,101.128253776,29.6,1897.08888889,270.165584799,1.0,27.1944444444,217.805555556,26.7777777778,13.8333333333,18.5462962963,7.13888888889
173,32.1025823705,1.56653701084,1.00741395568,668.466642857,190.525054631,103.914439052,25.2,2284.44555556,284.380985324,0.88,56.2222222222,216.416666667,23.3333333333,11.3888888889,15.3240740741,4.5
174,26.8083534076,0.948215130024,0.417304964539,641.0359,177.718632071,104.841360995,19.08,2706.99888889,288.854190435,0.52,70.0555555556,184.055555556,20.3055555556,8.55555555556,12.7777777778,2.10185185185
175,12.5023102994,0.700849858357,0.320880547686,815.715166667,179.097628542,106.003634327,10.12,2540.04111111,345.741893902,0.08,63.6944444444,103.638888889,23.4722222222,10.4166666667,14.287037037,2.77777777778
176,9.15051648694,0.504532577904,0.321388101983,1017.95916667,165.239758138,105.698639952,6.12,2190.48666667,255.44968811,0.24,58.1111111111,36.0,26.7222222222,13.1666666667,16.5277777778,4.14814814815
177,25.3559912887,2.98236130868,2.48904694168,793.277823529,172.85740397,102.827181262,22.92,332.580357143,126.084944326,1.0,20.9722222222,286.583333333,29.0833333333,21.2222222222,21.0277777778,13.25
178,13.6081198355,2.11445073079,1.96099717115,877.011,167.836915913,103.918376658,16.4,164.125555556,148.35347733,1.0,17.5277777778,180.805555556,30.4166666667,22.3611111111,21.0092592593,13.2592592593
179,19.9256354768,2.07161904762,1.93207142857,873.894581395,175.569314991,104.168351616,22.08,401.718888889,221.704237114,0.96,21.4166666667,164.222222222,30.6388888889,21.0555555556,22.1481481481,13.1851851852
180,11.0303875883,1.27551190476,1.27569047619,936.961659091,160.433476983,104.107892994,16.44,309.061111111,129.080154421,0.52,11.0,123.166666667,31.9444444444,22.4166666667,23.1574074074,13.0462962963
181,13.1483030247,1.30830969267,1.39057919622,897.95283871,191.96171189,100.130405724,16.72,419.1,128.791351504,0.92,1.86111111111,153.444444444,32.4444444444,21.4722222222,23.3518518519,12.2962962963
182,27.2362136258,2.41781978126,2.15620542083,809.699191489,193.565897963,104.512111192,26.24,906.751111111,212.265405798,1.0,2.44444444444,217.027777778,31.4444444444,19.3888888889,22.5740740741,11.5
183,41.8728231377,3.01504498106,2.72537878788,722.874943396,193.119293265,102.390302131,30.6,1623.02333333,228.212572713,1.0,13.1944444444,237.583333333,28.6666666667,15.6944444444,19.9074074074,8.81481481481
184,30.1752809978,1.5200379867,0.962820512821,686.30138,195.683314539,101.096944355,18.68,2231.08777778,304.035772869,0.96,49.4444444444,233.194444444,23.6944444444,11.6111111111,16.0185185185,5.02777777778
185,27.4153506312,1.15870080607,0.587790422001,702.927731707,174.000826749,105.384012497,21.2,2392.42333333,284.649233873,1.0,76.5555555556,197.194444444,22.6111111111,10.3888888889,14.6574074074,3.39814814815
186,25.8529356463,0.872833806818,0.597632575758,809.144105263,163.376323359,105.740093478,12.88,2129.73888889,321.842006855,0.52,68.6666666667,103.527777778,26.2222222222,12.9166666667,16.4907407407,4.73148148148
187,6.2968830048,0.583487215909,0.312180397727,998.237833333,186.349700133,118.85881623,8.24,1923.51333333,350.414752416,0.16,60.8611111111,61.3888888889,27.9722222222,13.6388888889,17.6296296296,5.34259259259
188,46.0636256343,2.45885714286,2.33098809524,748.427916667,119.744903942,122.141567909,18.88,263.944751381,169.592330728,0.56,24.2413793103,233.379310345,21.5862068966,19.1034482759,16.4367816092,12.7011494253
189,31.7329055828,3.79991678554,3.33741084165,763.005852941,177.155101461,102.582644489,27.28,385.051111111,148.163744436,1.0,23.2222222222,262.861111111,28.2222222222,20.3055555556,20.5277777778,12.8518518519
190,16.6114891762,1.87897051831,1.56490727532,814.726969697,173.821005979,102.561559895,20.24,375.588888889,167.890347446,1.0,20.75,235.611111111,31.4166666667,21.8055555556,22.3148148148,13.3148148148
191,13.3475743155,1.8284047619,1.56955952381,867.561114286,172.408768987,107.813274255,22.6,617.638888889,206.573515671,0.96,18.8055555556,216.222222222,30.3888888889,19.8055555556,22.6203703704,13.0833333333
192,10.921980775,1.35420238095,1.28626190476,899.024264706,153.457841302,107.240696937,17.88,551.156666667,189.356374508,0.6,12.9444444444,181.777777778,32.6111111111,21.0,23.3888888889,12.5833333333
193,5.28133636563,0.867462013295,1.01625118708,959.206829268,173.589330878,100.979183529,18.84,494.568888889,157.85511194,0.36,12.1111111111,120.444444444,33.3333333333,21.5,23.8611111111,12.8796296296
194,12.3949258148,1.23707142857,1.25604761905,953.6115,189.873050063,103.460937004,13.52,270.444444444,137.258872299,0.96,1.36111111111,87.1111111111,33.4722222222,21.8611111111,24.4444444444,12.1296296296
195,20.383443021,2.21568907964,1.98676680973,878.426647059,188.737834719,99.4866116398,23.32,583.346666667,192.342067508,1.0,2.11111111111,161.027777778,32.6388888889,20.4166666667,23.9259259259,12.3055555556
196,38.9366287651,2.49422253923,1.96708273894,771.458366667,193.114546104,102.317102764,30.32,1134.13222222,240.529382048,1.0,2.94444444444,218.305555556,30.8055555556,17.9722222222,22.6666666667,11.1203703704
197,33.4165453151,2.12527341893,1.63380884451,708.072976744,192.235242417,104.382458402,25.84,1690.78222222,275.696333179,1.0,23.0555555556,251.75,26.7222222222,14.4722222222,18.462962963,7.7962962963
198,24.6273545741,1.30119047619,0.731452380952,722.89455814,161.484635771,114.714279207,21.28,2242.09111111,265.337743952,0.8,39.9166666667,211.472222222,23.1944444444,11.0,15.3611111111,4.14814814815
199,25.779814131,1.24932336182,0.706327160494,931.5455,146.176614264,119.105592129,17.56,2060.97,469.940805008,0.6,39.1666666667,114.5,26.2777777778,13.25,16.9351851852,4.77777777778
200,0.0,0.469952380952,0.283630952381,931.5455,203.721133279,111.244059414,3.0,1823.13777778,291.364794098,0.2,42.6944444444,95.4722222222,28.4444444444,14.4166666667,18.3611111111,5.58333333333
201,41.2478127226,3.76007890961,3.41952415112,784.601304348,157.629438244,112.614107577,29.36,255.335435057,132.262057757,0.88,26.1944444444,217.75,25.8333333333,19.8333333333,18.3981481481,12.212962963
202,28.5051092496,3.32849308536,3.05187172151,790.138481481,173.466409174,102.929871112,27.12,429.142222222,180.369034653,1.0,24.0,225.805555556,30.3055555556,20.4166666667,21.3055555556,12.5462962963
203,12.9267858537,1.65922874881,1.37570439351,834.8401875,172.184627246,105.405587258,20.12,509.861111111,239.93594895,1.0,24.6666666667,199.861111111,31.4444444444,20.6111111111,22.3055555556,12.6018518519
204,11.9907085018,1.35457258835,1.08818051576,856.144566667,135.245656035,116.843897781,17.32,616.952222222,253.725566849,0.76,23.75,167.888888889,32.2777777778,21.1944444444,22.1203703704,11.5462962963
205,8.30436825339,1.41479494516,1.1700286123,894.198605263,165.069949601,103.725829136,20.08,691.365555556,225.02799019,0.8,16.25,157.0,32.75,20.4444444444,23.6759259259,12.3148148148
206,16.4902978657,1.68260086455,1.42031700288,901.7474,191.271091205,101.460427663,18.92,515.834444444,163.219029161,1.0,3.08333333333,133.166666667,32.6111111111,20.8611111111,23.962962963,12.0740740741
207,32.0006373254,3.0440493295,2.40451388889,805.577818182,195.353184085,98.1695473362,28.88,865.828888889,213.067161162,1.0,2.83333333333,183.277777778,32.0,19.8055555556,23.6388888889,12.037037037
208,35.0486544205,2.88339285714,2.1005,722.748741935,199.548309824,100.905944971,29.88,1359.71222222,320.059033557,1.0,7.63888888889,244.861111111,28.5277777778,16.7222222222,21.1111111111,10.1851851852
209,32.5177951701,1.96961904762,1.11745238095,659.110111111,193.561906276,103.677631495,23.88,1935.87,285.805041923,1.0,35.5,283.0,24.0277777778,12.6111111111,16.8425925926,6.36111111111
210,34.6949881118,0.951038681948,0.523806112703,716.244619048,86.8966777214,109.155386489,12.2,2031.24111111,176.227065266,0.48,37.0833333333,174.305555556,25.3611111111,12.2777777778,15.8611111111,3.90740740741
211,44.4535139278,0.649916187739,0.630004789272,709.07,76.825871021,122.695517368,6.76,99.2057416268,51.8601428536,0.2,30.5882352941,194.647058824,19.1176470588,18.4705882353,14.6274509804,11.7058823529
212,47.1368955068,4.87020383693,4.18938848921,724.650611111,175.633680997,102.965761506,31.84,212.573333333,93.4248370498,1.0,30.0,208.5,27.4722222222,19.8611111111,18.9074074074,11.8240740741
213,26.5157036276,3.37331420373,3.02494021999,760.356181818,176.243625657,104.541428389,26.2,512.018888889,151.388832257,0.96,25.8611111111,230.0,29.9722222222,20.3055555556,20.2962962963,11.3055555556
214,21.0135386849,2.49363309353,1.95713429257,803.258891892,180.964412747,99.848758394,24.84,650.413333333,301.156464022,1.0,27.8611111111,203.527777778,31.9722222222,20.3333333333,21.8611111111,11.4537037037
215,20.6501475472,2.51461630695,1.758441247,787.74,184.750503133,105.21641239,25.44,989.023333333,315.712292567,1.0,31.3611111111,223.194444444,30.5,17.9722222222,21.6666666667,10.4351851852
216,11.2378199974,1.35992576628,1.19774904215,912.27625,152.907105635,100.662837904,20.28,839.271111111,436.923056853,0.64,18.9166666667,135.611111111,32.4166666667,19.6388888889,23.3611111111,11.7777777778
217,17.1084286303,1.45715827338,1.53947242206,918.5566875,193.102869899,99.7909807887,15.76,331.616666667,215.601243941,0.84,6.0,109.388888889,33.0833333333,22.0833333333,24.4166666667,12.7685185185
218,35.3355544806,2.7329512894,2.17763849093,830.192428571,187.4549906,102.195284083,26.12,696.328888889,184.524357467,1.0,5.44444444444,158.5,32.3333333333,20.3611111111,23.787037037,12.0277777778
219,38.5859659655,3.59026772793,2.85477568741,752.507826087,194.803713137,100.911190201,31.28,1178.13333333,203.096616307,1.0,6.52777777778,227.0,29.5277777778,17.6944444444,21.962962963,10.6574074074
220,27.6017112037,2.29027380952,1.57453571429,666.12135,194.685829159,104.323501499,24.0,1795.43666667,262.027495143,1.0,32.3333333333,267.333333333,25.1666666667,13.4722222222,17.9722222222,7.30555555556
221,28.5582601687,1.75751445087,0.820050578035,668.960357143,178.862380764,106.98931857,22.24,2164.56888889,172.511586499,1.0,57.5555555556,254.138888889,23.1111111111,11.5555555556,15.0555555556,4.65740740741
222,22.363331407,1.608082617,1.15425023878,863.350882353,170.375588169,109.583828238,23.56,1950.72,185.931843666,0.96,37.8055555556,152.111111111,26.0833333333,13.0,15.6851851852,4.08333333333
223,0.0,0.572655122655,0.546236171236,653.145,54.2630336961,105.903076243,4.52,170.776223776,110.871337237,0.12,36.3076923077,230.230769231,20.0769230769,18.6153846154,15.2051282051,11.6153846154
224,41.330575729,4.70904280904,4.16904761905,676.782142857,179.485907685,103.614958495,28.96,480.025555556,232.345911693,1.0,39.6111111111,352.444444444,28.5,19.6388888889,19.6388888889,11.3796296296
225,19.8436156331,2.55974025974,2.15242905243,738.956575758,176.726882036,102.407733595,25.8,670.316666667,172.995204654,1.0,28.8333333333,282.555555556,31.1666666667,19.6944444444,21.2962962963,11.2037037037
226,17.4334279953,2.09005763689,1.59343179635,757.652564103,178.847146189,107.371120718,24.2,877.718888889,315.487675193,1.0,29.5555555556,243.972222222,31.1666666667,18.3055555556,21.8518518519,10.6944444444
227,29.0376748001,2.75986050986,1.84868927369,766.557657895,177.682319282,104.836418065,24.88,1427.80555556,288.797024016,1.0,34.8611111111,222.138888889,27.75,15.3055555556,20.6481481481,9.49074074074
228,18.4390433823,1.511623439,1.45570365034,928.6067,157.150687704,102.636063592,20.36,693.39,418.462830037,0.56,22.8333333333,110.222222222,33.1944444444,20.5,23.7962962963,11.9537037037
229,13.6275727703,1.08613516114,1.19511784512,897.013625,181.229616045,111.222049928,11.52,198.045555556,158.999375024,0.36,9.63888888889,110.0,34.0277777778,22.6944444444,24.8518518519,13.0740740741
230,30.1887808958,2.78757204611,2.37176993276,827.128631579,179.568203893,108.911624467,27.04,616.661111111,241.473586407,0.96,11.9722222222,166.472222222,32.5277777778,20.6944444444,24.212962963,12.5648148148
231,44.7867844106,3.79185934489,3.0019026975,720.066846154,196.129833169,97.2261963995,30.68,1213.78,244.470503651,1.0,17.6388888889,253.916666667,29.3888888889,17.3333333333,21.5648148148,9.89814814815
232,44.1974846781,3.60624399616,2.57469980788,701.302722222,190.704885097,101.169318963,27.84,1523.78777778,276.354833232,1.0,25.9722222222,253.055555556,27.5,15.25,19.962962963,8.37962962963
233,33.7170771692,2.62644508671,1.61348747592,701.505414634,182.60438098,106.940329433,26.12,1875.69777778,250.274306835,1.0,40.0,255.027777778,24.8888888889,12.7777777778,17.1944444444,6.14814814815
234,20.605291362,1.57160671463,1.18700239808,860.00174359,132.010350625,116.660263202,17.76,1756.47666667,268.858352855,0.64,52.5833333333,142.5,26.9166666667,14.5833333333,16.3333333333,5.26851851852
235,14.2522013284,0.976755651756,0.665355940356,878.440185185,173.701133677,108.267438921,15.76,1883.76222222,245.671205556,0.52,46.6666666667,128.944444444,27.4722222222,13.9722222222,16.8148148148,4.71296296296
236,42.807161273,3.08699951761,2.55771828268,649.728384615,125.927706932,121.215494493,21.08,357.891608392,109.739354898,0.64,58.9285714286,367.607142857,24.9642857143,19.1428571429,17.9880952381,11.7142857143
237,28.9780780125,3.50291847564,2.9099734684,667.3478,180.665696938,104.703908408,25.76,679.286666667,203.204210477,1.0,51.2222222222,415.833333333,30.3888888889,19.25,20.75,11.0833333333
238,18.9495725033,2.17639893874,1.86929570671,734.777714286,167.899500017,102.31657558,22.48,702.495555556,240.03181498,1.0,39.4722222222,298.694444444,32.8333333333,19.6388888889,22.1388888889,11.2222222222
239,24.6733161036,1.9451983551,1.48067247218,727.011974359,180.545540268,105.164197762,27.08,972.308888889,370.203322707,0.92,38.5,251.805555556,31.4722222222,18.2777777778,21.7037037037,10.3333333333
240,30.2339837412,2.74287090559,1.8418473025,812.895333333,178.794450273,100.925495336,26.52,1403.34333333,305.000081803,1.0,33.4166666667,189.611111111,27.8333333333,15.5,20.5092592593,9.49074074074
241,17.8594530938,1.31059178744,1.42927536232,919.017714286,160.375008717,96.4532976682,20.24,684.381111111,467.161262044,0.44,22.9722222222,124.138888889,33.1666666667,20.1944444444,24.7222222222,12.787037037
242,24.6285283685,2.67875603865,2.18812801932,835.769366667,204.707605079,91.1083246126,28.04,777.135555556,289.071162831,0.96,16.5555555556,184.75,32.1944444444,19.8611111111,24.0925925926,12.1851851852
243,36.5700219651,2.95495658466,1.9644476604,728.331942857,191.831168496,94.6239997219,28.12,1272.01777778,331.015782966,1.0,21.5,256.666666667,29.5,16.6388888889,21.8055555556,9.85185185185
244,42.5305374478,3.22971538833,2.11331403763,737.971451613,176.412359241,103.374432041,29.72,1547.37888889,255.962531544,1.0,25.6666666667,249.388888889,28.25,15.0555555556,20.3425925926,8.05555555556
245,36.6700118191,2.97797877472,2.05106126387,797.082108108,182.657601033,105.395225516,27.28,1556.86555556,296.392398936,1.0,28.3333333333,217.916666667,27.9444444444,14.9444444444,18.9351851852,6.84259259259
246,33.3709573072,2.34724637681,1.83806763285,819.226457143,170.255056623,102.871634232,23.48,1757.19333333,242.541209236,1.0,39.8055555556,156.083333333,27.6388888889,14.3055555556,17.6111111111,5.73148148148
247,17.4694723463,1.0666907863,0.810467920888,883.88975,156.251597088,110.98239861,18.44,1747.70111111,212.643547852,0.64,48.0277777778,108.0,28.1111111111,14.9444444444,16.962962963,5.15740740741
248,15.2111182336,0.742234299517,0.535048309179,952.8989,168.479836026,111.214130256,12.08,1661.07222222,221.027047881,0.36,45.1111111111,96.3611111111,29.25,15.75,18.4074074074,6.02777777778
249,42.308244287,2.81387269193,2.3865281827,574.945875,125.087209066,120.984133844,19.4,436.079787234,189.458894518,0.6,64.9285714286,591.392857143,24.5,19.0714285714,17.8214285714,12.1547619048
250,33.2085130505,4.41903725206,3.60324141268,652.395296296,180.011026095,102.663506786,26.68,359.276666667,131.72016681,1.0,53.1666666667,436.5,30.3055555556,20.0833333333,20.3148148148,11.6944444444
251,23.5093963582,2.68020378457,2.38699660359,673.562096774,180.906412987,103.808937594,25.2,518.065555556,234.301095773,1.0,53.7777777778,407.722222222,32.1388888889,19.75,21.6481481481,11.5740740741
252,31.2768695884,2.7320270924,2.07844702467,682.6283,186.231133331,99.9421129878,28.56,876.624444444,203.514059198,1.0,55.9444444444,412.055555556,32.1666666667,19.1111111111,21.3888888889,10.4259259259
253,34.4781131652,2.73518653101,1.77971172481,657.814804878,188.330524708,105.089752052,31.16,1370.62,249.85764845,1.0,55.6111111111,553.083333333,28.1388888889,15.5833333333,19.8981481481,8.38888888889
254,27.8584839826,1.84570633769,1.2540275762,770.3381,165.744156077,105.653791172,28.32,1470.62111111,399.18229169,1.0,34.6666666667,245.083333333,27.6666666667,15.2777777778,20.3425925926,9.19444444444
255,12.1477283898,1.07095445736,1.19156976744,920.368869565,160.287287051,102.703424434,18.84,496.68,309.418421918,0.24,22.9444444444,129.5,34.8333333333,21.2222222222,25.537037037,13.0277777778
256,9.82781220055,0.79011627907,1.07748304264,864.582133333,198.797257698,104.191347592,20.92,559.165555556,201.558704799,0.2,15.6944444444,136.027777778,33.2222222222,20.6944444444,25.1851851852,13.1666666667
257,29.260037012,2.37397044574,1.91908914729,752.899421053,198.208937035,99.2090537298,29.96,1214.10111111,265.488915439,1.0,27.75,194.916666667,30.0,16.7222222222,22.0092592593,9.80555555556
258,36.5527220247,2.50445736434,1.70171996124,756.542967742,168.034316761,102.992513489,26.36,1723.40777778,238.556038945,1.0,50.1388888889,205.388888889,27.1944444444,13.6944444444,19.1111111111,6.62037037037
259,31.410476872,1.98735465116,1.46945251938,839.280333333,161.390913531,111.247647174,25.84,1409.55222222,228.761478268,0.88,34.25,145.194444444,29.9166666667,15.7777777778,20.1851851852,7.21296296296
260,26.9327901704,2.48547411708,1.84898403483,856.573923077,173.151408049,105.019573672,26.4,1460.73888889,284.696289713,0.92,38.9444444444,143.777777778,29.6944444444,15.6944444444,19.6388888889,6.82407407407
261,23.0249231395,1.98064437984,1.37791908915,892.805619048,180.325676823,102.814223826,25.92,1732.81666667,200.623020586,0.96,45.1111111111,119.916666667,27.6666666667,13.6111111111,18.2777777778,5.55555555556
262,13.2588402432,0.809350775194,0.571669089147,924.7519375,130.25839982,114.896729676,12.28,1657.45111111,303.507014103,0.48,43.9166666667,109.805555556,28.6388888889,14.5833333333,18.6203703704,5.49074074074
263,30.4241689938,1.42395681708,1.4979985444,592.975,101.383368682,121.44583617,11.64,301.422727273,179.175976047,0.44,55.6923076923,474.076923077,22.4615384615,17.4230769231,16.7948717949,11.8333333333
264,38.3878443222,4.44863547758,3.61404727096,579.041842105,177.11255753,103.758217605,30.08,447.32,214.910404691,1.0,56.0277777778,571.25,27.5,19.1944444444,19.3611111111,11.8888888889
265,39.6598307967,4.56268274854,3.55134015595,656.068,177.998054599,104.621783839,30.04,383.848888889,204.540736092,1.0,46.75,426.0,28.8888888889,19.4166666667,19.8055555556,11.7962962963
266,32.5302798598,3.22664251208,2.8106763285,658.295605263,188.450817181,101.948420802,29.16,899.666666667,338.74572568,1.0,48.9722222222,540.055555556,29.7777777778,17.9722222222,20.3425925926,10.25
267,36.3889756279,3.27744883041,2.33992446394,684.842404762,168.405866922,101.976608878,30.96,1126.39111111,231.717064851,1.0,59.8333333333,463.833333333,30.4444444444,17.6111111111,20.2407407407,9.09259259259
268,30.6262516444,2.70126336249,2.00621963071,725.989184211,180.929158675,104.936007035,30.16,1201.34222222,209.22235008,1.0,55.1111111111,376.277777778,29.75,16.8611111111,20.4259259259,8.78703703704
269,19.2615441678,1.79895377129,1.35136253041,844.702157895,167.046721893,99.1328216112,27.04,888.673333333,316.019169531,0.76,36.4444444444,187.25,32.1388888889,18.6388888889,22.7037037037,11.4722222222
270,7.68394884425,0.807822384428,1.25450121655,912.040871795,165.669770567,98.9489875873,14.96,339.73,128.811875703,0.16,22.9444444444,140.833333333,36.0833333333,22.1388888889,26.0925925926,13.3796296296
271,12.7816596396,1.22661564626,1.21086005831,878.324566667,211.513816651,101.901532518,22.32,743.333333333,232.445773844,0.56,19.3333333333,108.027777778,33.6111111111,19.9444444444,24.8333333333,12.4537037037
272,34.0136241251,2.50974452555,2.01407542579,720.823121212,208.287274426,100.229837925,27.72,1663.61444444,349.641335613,1.0,53.2222222222,204.527777778,26.7777777778,13.8611111111,18.9259259259,7.27777777778
273,33.2827034377,2.37982264334,1.55618318756,714.247142857,164.97701855,92.0858346803,26.2,1798.51333333,258.644854836,1.0,58.1388888889,184.638888889,26.9722222222,13.6111111111,17.3240740741,5.09259259259
274,31.7193528999,2.05020681265,1.4701703163,810.113309524,149.155626409,96.3853657637,18.76,1719.86666667,231.948313208,0.92,44.4444444444,136.722222222,27.8333333333,14.2222222222,17.4166666667,4.72222222222
275,25.2726549036,2.00014577259,1.65272108844,865.610477273,168.405535696,105.068817511,21.68,1738.58222222,168.785586916,0.96,48.8333333333,125.833333333,27.25,13.4722222222,18.1388888889,5.26851851852
276,12.9683823223,1.15266034985,0.860775024295,926.516526316,153.095746663,102.832347618,13.96,1578.72222222,276.7915111,0.52,42.4166666667,104.555555556,29.1666666667,14.8888888889,19.1481481481,5.72222222222
277,41.6089401807,3.96113547758,3.30545808967,619.202761905,161.739737554,116.653054293,27.16,173.012249443,153.716674789,0.8,35.1944444444,343.25,22.9722222222,17.0,17.1944444444,11.5740740741
278,32.9689817921,3.76774193548,3.06886608016,620.205075,188.850408291,103.744021462,28.16,640.191111111,258.242635969,1.0,38.6111111111,461.333333333,27.7222222222,19.0277777778,19.5185185185,11.3425925926
279,35.9645326741,3.37776559454,2.70166910331,636.002,170.590145844,100.862812745,28.08,1027.03222222,285.011723084,1.0,40.2777777778,582.972222222,30.1944444444,17.8611111111,20.2685185185,9.65740740741
280,31.4019188742,2.9147417154,2.43017787524,747.1061,179.294970512,103.455820922,32.44,995.165555556,263.030780481,1.0,45.7777777778,304.805555556,31.5,17.8888888889,20.6759259259,9.51851851852
281,28.7827428785,2.62925245098,1.82542892157,773.362969697,178.093261239,103.199897759,31.88,1013.72777778,262.800601017,1.0,51.25,263.305555556,31.1111111111,17.6666666667,20.4259259259,8.87962962963
282,27.8719917871,2.77401171303,1.76102977062,787.769538462,179.236647422,104.601891493,32.28,939.553333333,263.286815385,1.0,56.1666666667,241.333333333,30.5277777778,17.3888888889,21.0462962963,9.2037037037
283,18.6314993939,2.24321167883,1.6445620438,748.179064516,170.537505652,99.5354837728,27.16,821.076666667,323.071154375,1.0,49.0555555556,324.666666667,33.1111111111,19.0833333333,23.6574074074,11.3703703704
284,7.93087158441,1.12838465298,1.11069159335,810.506212121,156.8016592,101.534460542,15.4,270.347777778,131.761586653,0.64,25.8888888889,220.361111111,36.8055555556,22.8055555556,26.7685185185,13.5462962963
285,14.4505741948,1.07311159844,1.31932261209,782.178714286,196.406395647,104.613962087,14.32,300.657777778,116.137517125,0.48,18.75,148.638888889,36.2777777778,22.4166666667,26.1296296296,12.9907407407
286,24.2318112202,2.31777696437,2.04618106393,781.796592593,214.091871313,101.131026584,26.12,968.171111111,333.726361042,1.0,30.1111111111,141.777777778,31.5,17.9722222222,22.8333333333,10.7037037037
287,32.9582393349,2.65521749756,2.16173020528,743.453285714,191.221974283,108.079977503,26.08,1720.16444444,239.603931665,1.0,55.1944444444,121.666666667,25.6944444444,13.3333333333,17.1203703704,6.11111111111
288,25.3341199591,1.52919103314,1.16487573099,845.352724138,160.280141431,120.37385564,22.2,1728.1,270.297097859,1.0,54.0277777778,113.888888889,26.0833333333,13.0555555556,17.0185185185,5.22222222222
289,24.4336671074,1.72177419355,1.25552297165,875.402390244,163.548929153,109.260705846,20.28,1853.78444444,143.650216313,1.0,47.4166666667,107.777777778,27.5555555556,13.5833333333,15.9074074074,3.77777777778
290,22.6548929049,1.47113225964,1.26390922401,917.034027778,145.28843009,108.492302127,18.52,1755.62555556,139.513762014,0.84,45.6666666667,94.6944444444,27.9166666667,13.5277777778,16.7685185185,4.00925925926
291,13.2969210165,0.667336744639,0.447356237817,925.63725,143.144021935,108.300882821,8.4,1701.87333333,171.877978552,0.2,54.5277777778,90.8888888889,28.4444444444,13.5833333333,17.8425925926,4.47222222222
292,40.4079202632,1.81941176471,1.55133578431,613.2302,103.411386178,125.403088609,16.2,89.5791245791,114.92863238,0.44,33.1212121212,297.454545455,20.9090909091,15.6363636364,16.0909090909,10.8585858586
293,39.1156806675,4.7088350465,3.60816201664,594.48148,188.196724943,103.80390669,29.68,556.728888889,280.711314439,1.0,43.1111111111,443.083333333,27.2777777778,18.7222222222,19.1944444444,11.212962963
294,40.2569180895,4.28441176471,3.19200980392,649.261055556,173.250375345,103.569223495,31.28,792.467777778,327.108972779,1.0,41.1111111111,466.722222222,32.4444444444,18.8333333333,21.5277777778,10.0462962963
295,35.6001482396,2.86594468918,2.35982623593,722.4842,182.639583788,103.879398105,32.8,957.997777778,310.643307411,1.0,42.4444444444,321.694444444,31.1666666667,17.6388888889,20.712962963,9.00925925926
296,26.432800876,2.451875,1.56495098039,733.805638889,187.771834288,99.2541640724,30.8,1269.69,452.110188769,1.0,43.3333333333,302.916666667,29.2222222222,16.0277777778,19.6018518519,7.65740740741
297,28.0412170712,2.46089084679,1.46894273128,764.776125,164.58168709,96.9330936672,29.36,1305.72111111,474.323638925,1.0,42.8333333333,321.194444444,29.5277777778,16.2222222222,20.0092592593,7.66666666667
298,28.5041533892,3.04257620452,2.09469026549,770.66732,170.024792867,106.113557516,29.68,1009.34666667,210.429782007,1.0,40.6666666667,337.194444444,30.75,17.0555555556,22.0,9.46296296296
299,18.8734109685,2.59311647173,1.67224658869,734.633857143,159.623408628,107.329492789,23.4,614.93,237.901601017,0.96,37.0555555556,376.444444444,34.2222222222,20.4166666667,25.0092592593,11.8888888889
300,30.3375297148,3.45914334806,2.036634757,738.683484848,178.120082023,101.458940756,28.0,648.222222222,198.657252449,1.0,30.3611111111,316.361111111,33.9722222222,20.3333333333,24.6851851852,11.962962963
301,27.9578010327,2.84426089085,1.89877630935,719.85585,196.168118791,106.198532415,27.48,1057.10111111,333.995887864,1.0,38.3055555556,259.083333333,30.1666666667,16.8888888889,21.7592592593,9.75
302,19.7635371718,1.62675245098,1.21328431373,843.2615,161.719409088,118.528082011,22.4,1165.71888889,249.575550527,1.0,27.6111111111,135.0,30.0277777778,16.6944444444,19.212962963,7.24074074074
303,9.10441149099,0.738563049853,0.597629521017,950.592407407,158.650378577,122.047444633,15.64,1274.21555556,216.607479563,0.84,34.1111111111,87.3333333333,29.1111111111,15.6111111111,19.1666666667,7.03703703704
304,21.2400983701,1.10181372549,1.00803921569,850.185125,182.156137992,113.985303338,15.84,1571.07111111,218.652955487,0.72,103.666666667,90.5555555556,27.5555555556,13.8611111111,18.1111111111,5.91666666667
305,18.7212612077,0.895619187469,0.755885952031,895.540230769,177.766933255,108.867959712,13.44,1763.75222222,124.717626597,0.48,89.0555555556,80.5,27.5555555556,13.1666666667,17.1111111111,4.68518518519
306,5.8947029097,0.573257241041,0.301202749141,977.826333333,104.756816626,113.766611708,5.4,1702.79111111,114.644943334,0.04,66.1388888889,70.8333333333,28.3611111111,13.8611111111,16.8425925926,4.03703703704
307,51.1321286961,2.45773018218,1.68722304284,570.6462,102.854886567,122.917640041,14.6,251.089958159,155.62553713,0.48,45.4285714286,443.071428571,21.1785714286,16.4285714286,15.8928571429,11.1785714286
308,41.6379856613,5.1217920354,3.70760816126,586.45571875,178.752368968,102.916116041,29.92,563.925555556,215.92782748,1.0,59.6666666667,622.916666667,29.4444444444,19.3055555556,20.287037037,11.4351851852
309,40.6274872742,4.84608492882,3.21845851743,634.711580645,184.304237996,104.158034106,31.08,717.455555556,357.229112945,1.0,55.3333333333,435.805555556,32.1111111111,18.4722222222,21.5092592593,9.97222222222
310,32.0843773839,3.19901671583,1.99092920354,656.133166667,184.925036092,103.693258752,31.72,1270.11111111,319.462978013,1.0,51.1388888889,379.638888889,28.75,15.4722222222,19.7962962963,7.82407407407
311,27.9708276753,3.03859714004,1.8932199211,709.912071429,184.901427327,104.417157582,31.64,1315.73555556,353.339875823,1.0,37.75,322.305555556,27.8333333333,15.1111111111,19.1666666667,7.05555555556
312,29.9079339138,2.611634757,1.42541728031,725.758608696,179.564705901,103.659295679,30.96,1812.97888889,274.86265378,1.0,33.5555555556,399.472222222,24.5277777778,12.0,16.712962963,5.4537037037
313,25.2557470637,2.47636430678,1.71127089479,727.793727273,181.823527868,99.589353626,28.64,1391.74222222,352.935518498,1.0,38.25,373.083333333,28.4722222222,14.9166666667,19.6851851852,7.2962962963
314,32.9430834324,3.10976926853,2.12662002946,709.8648,172.432283786,97.1496739342,31.96,1247.21333333,411.116494764,1.0,38.4722222222,417.972222222,29.9166666667,16.1666666667,21.2685185185,8.62962962963
315,37.3161594747,3.48419370698,2.33788102262,719.891478261,184.328858076,99.3187215195,33.2,1030.25,194.339195881,1.0,36.2777777778,409.916666667,30.75,17.3888888889,21.6203703704,9.05555555556
316,35.7794951909,3.70779252704,2.52941248771,719.488466667,183.352568972,105.37128053,30.28,1229.50555556,302.99317369,1.0,32.5555555556,359.194444444,28.9166666667,16.0277777778,20.1759259259,8.18518518519
317,22.6303151548,2.28517971443,1.73385032004,809.22816,147.03262177,96.1444558798,25.04,1161.16,160.708269026,0.96,22.8611111111,164.888888889,30.3055555556,17.0555555556,19.5925925926,7.47222222222
318,13.7627263084,1.20925516224,0.844764011799,901.531863636,140.70419969,116.798217663,17.72,1165.42444444,210.0697288,0.56,41.1944444444,94.6944444444,29.7777777778,16.8333333333,18.6851851852,6.82407407407
319,14.0526445185,0.896331856228,0.719091580502,892.645545455,128.192285897,119.052011571,13.8,1328.90666667,99.7110278087,0.32,78.3333333333,73.75,29.1666666667,15.9444444444,18.25,6.22222222222
320,14.7925803145,0.982239429695,0.87866273353,926.246962963,177.717545241,108.737000802,16.2,1559.96666667,191.666333333,0.6,72.3888888889,69.1944444444,28.1111111111,13.9444444444,17.8703703704,5.55555555556
321,13.4841450329,0.752736867943,0.553068237604,877.99225,155.183887086,110.145327603,9.24,1724.50555556,154.29344687,0.28,62.75,71.6388888889,27.75,13.3055555556,16.962962963,4.58333333333
322,14.7329953689,0.725737463127,0.299729596853,749.916357143,166.82720062,105.799278916,9.64,1947.64333333,308.020851585,0.16,62.5277777778,83.8333333333,26.7222222222,11.6944444444,17.0740740741,3.99074074074
323,37.7839923817,1.23669871795,0.86607495069,749.916357143,67.7811428157,112.621185422,9.6,192.866906475,109.029863171,0.28,44.8,476.1,20.85,17.25,15.5833333333,11.5833333333
324,43.6260332244,4.80447576657,3.52398615232,567.654222222,186.407551088,103.780519759,31.08,536.69,304.988663742,1.0,86.2777777778,793.027777778,28.5833333333,18.6388888889,20.0092592593,11.0092592593
325,44.7677805178,4.58408530572,3.22839003945,598.167230769,172.574157251,100.998032951,32.52,802.864444444,304.976876104,1.0,92.0277777778,649.694444444,32.5,18.2777777778,21.7037037037,9.9537037037
326,37.7666461296,3.41082716049,2.13004938272,649.189142857,190.346248508,101.928200941,33.28,978.3,392.498924273,1.0,43.5555555556,450.5,31.0555555556,16.5833333333,21.0462962963,8.88888888889
327,33.0892553625,2.62998027613,1.52094428008,673.25576,185.242567444,103.911419687,32.4,1447.91444444,351.678992536,1.0,55.8055555556,339.444444444,27.0833333333,13.5277777778,18.7407407407,6.51851851852
328,19.5336576277,2.0387204142,1.41188362919,742.986652174,167.584740259,108.965803457,26.28,1349.72777778,393.009285027,0.84,35.1388888889,297.111111111,27.8611111111,14.5277777778,19.037037037,6.38888888889
329,18.7862842935,1.64434567901,1.1000617284,730.679923077,187.7701117,107.353690587,23.56,1593.81888889,336.912114288,0.96,38.5277777778,332.916666667,25.6388888889,12.75,17.7314814815,5.80555555556
330,15.7076091401,1.91576409496,1.43627596439,763.737555556,189.45687663,110.356464103,24.64,1385.60777778,396.942176793,0.88,42.1388888889,312.916666667,27.5277777778,14.3888888889,18.537037037,6.46296296296
331,28.9798793322,2.22741260463,1.47177498769,722.384956522,167.577309713,84.6262447054,20.84,1810.35222222,581.413382625,1.0,39.4722222222,362.861111111,25.9444444444,12.9722222222,16.8518518519,4.89814814815
332,29.9553136729,3.08780246914,2.29971604938,750.666785714,176.770093226,94.0360993835,23.2,1466.16666667,225.428079194,1.0,31.1944444444,301.083333333,28.1666666667,14.75,18.7407407407,5.85185185185
333,20.4748745729,2.08225925926,1.65338271605,771.0755,158.903124114,88.9357710273,16.6,1380.26111111,138.708037254,0.96,36.3611111111,193.75,29.1388888889,14.9166666667,19.4166666667,6.33333333333
334,14.4038824325,1.42943209877,1.14204938272,805.326945946,138.354876257,112.442730029,17.56,1360.31111111,65.8467824987,0.88,55.6944444444,109.805555556,29.2222222222,15.3055555556,18.8888888889,6.26851851852
335,10.9433088338,1.03464003945,0.903106508876,898.125485714,170.305149999,110.170183371,16.04,1432.13111111,118.373826541,0.76,58.6666666667,74.3333333333,28.8888888889,14.9166666667,18.5925925926,6.05555555556
336,17.6776129651,1.23890532544,1.03662475345,880.170269231,160.007811459,106.92296099,14.56,1525.76111111,188.992826551,0.56,65.7777777778,72.5555555556,28.1388888889,14.2777777778,17.7037037037,5.61111111111
337,7.80985125824,0.702645895153,0.45349901088,916.528461538,137.352816456,116.406448721,5.6,1416.83111111,110.918600428,0.08,60.9722222222,57.7222222222,29.7777777778,15.7222222222,18.25,5.64814814815
338,26.242800193,0.92016765286,0.728118836292,783.590777778,225.529074714,104.00860862,11.72,1680.21222222,251.937599121,0.4,73.6388888889,77.8611111111,27.5833333333,13.4166666667,16.962962963,4.62962962963
339,21.0017661178,0.629918639053,0.280473372781,739.565,119.784142321,112.376797709,5.68,1701.94666667,431.311621607,0.2,63.3888888889,69.0277777778,27.9444444444,13.7222222222,17.8611111111,4.7962962963
340,41.1743040645,2.25894006934,1.6740837048,529.940166667,94.0980349509,120.191196035,16.64,269.16,154.08119418,0.48,59.7307692308,573.846153846,22.1153846154,16.9615384615,16.5,11.1282051282
341,40.2159410056,4.5355530754,3.50124007937,544.9794,184.139367038,103.628699992,32.4,731.762222222,319.328126463,1.0,103.388888889,759.583333333,28.4722222222,16.4444444444,19.3796296296,9.81481481481
342,33.7528409021,3.45923724616,2.14228578504,556.281380952,178.452393362,101.157769066,32.52,1054.59555556,329.718335658,1.0,125.888888889,746.916666667,30.2777777778,15.9722222222,20.5462962963,8.91666666667
343,35.3046098779,3.14269287834,1.80670128586,630.962606061,188.621503004,106.421939672,34.0,1096.73111111,422.679724994,1.0,57.8055555556,576.555555556,29.3333333333,14.8333333333,20.0092592593,7.88888888889
344,30.1592201433,2.12122454049,1.2316815698,684.377892857,174.009342465,101.403393644,28.92,1500.23444444,371.13815866,1.0,69.7777777778,388.222222222,27.3888888889,13.1944444444,18.9722222222,6.5
345,17.0758332968,1.93049777117,1.38755572065,829.690666667,171.362655075,106.274595492,22.96,1085.48777778,247.302479804,0.68,25.8611111111,250.666666667,30.8611111111,16.6388888889,21.1574074074,7.46296296296
346,0.0,1.2605530754,1.09604414683,787.118,156.213650507,104.106774035,17.96,1074.78,253.123277915,0.52,29.9444444444,212.361111111,31.0277777778,16.5277777778,21.3240740741,7.48148148148
347,9.26678401563,0.746488625124,0.843212166172,840.362333333,203.356995946,114.589458754,8.32,954.168888889,221.377802583,0.32,30.4722222222,188.555555556,31.2222222222,16.5555555556,20.712962963,6.83333333333
348,20.1890914102,1.69001736111,1.25078125,838.286272727,173.351901263,111.22613868,19.76,1675.58333333,236.544834252,1.0,42.0833333333,185.75,27.1666666667,13.3888888889,18.3518518519,5.37037037037
349,21.2841545843,1.78802625062,1.28464586429,878.561571429,165.602457888,123.436082423,18.52,1574.64,213.821663386,0.92,26.7222222222,192.611111111,27.4444444444,13.6666666667,18.25,5.44444444444
350,32.6283189781,1.87433135215,1.3220653789,748.438,175.689640151,116.01810008,20.32,1788.77777778,243.715999465,0.92,31.8888888889,226.666666667,25.9444444444,12.2777777778,17.1759259259,4.75
351,13.4352172874,1.05455109127,0.883172123016,914.341166667,112.011502014,102.292514691,8.48,1398.14555556,175.804531392,0.36,32.1666666667,90.5555555556,29.3611111111,15.25,18.2407407407,5.56481481481
352,8.5222449456,0.644596933729,0.514651335312,955.181586207,184.1171611,129.314199927,7.8,1422.21555556,66.6884646216,0.28,44.4722222222,71.9722222222,28.9166666667,14.7777777778,17.9907407407,5.43518518519
353,9.62823694298,0.471389713155,0.337005440158,938.844416667,138.959722136,116.024387756,4.28,1511.81555556,33.1873366449,0.08,54.6666666667,61.4722222222,29.0555555556,14.7222222222,18.3148148148,5.4537037037
354,3.78885551012,0.338467261905,0.252008928571,973.451333333,144.358242695,107.95252823,1.0,1512.88222222,48.2350439176,0.0,56.1666666667,56.5,29.3055555556,15.1666666667,18.0925925926,5.21296296296
355,19.5653405001,0.968812003968,0.654005456349,743.499888889,183.0834893,114.876213868,9.96,1688.15111111,282.516397654,0.36,74.8888888889,91.6666666667,27.25,12.9444444444,16.8796296296,4.60185185185
356,17.3810125084,0.402117384844,0.287444279346,743.499888889,138.711739282,116.480381567,2.6,1498.16888889,181.144492138,0.08,60.1388888889,51.8611111111,29.4166666667,15.0833333333,18.8888888889,5.32407407407
357,31.6039788151,3.31094138102,2.56426974665,530.579,150.921880003,120.908828047,24.96,233.370558376,203.281692345,0.76,67.0555555556,584.694444444,23.9722222222,16.3055555556,17.3703703704,11.1574074074
358,28.0970416781,3.47400497512,2.52875621891,569.81568,186.095591428,102.152204718,29.28,699.231111111,242.109364473,1.0,77.3333333333,653.888888889,29.1111111111,16.8611111111,19.1388888889,9.82407407407
359,37.4772782687,3.67446437469,2.45981564524,565.062259259,180.293854258,102.510025009,31.56,1202.53111111,305.832590606,1.0,98.0555555556,673.75,27.4722222222,13.6666666667,18.6203703704,7.94444444444
360,36.8816902186,3.94647292598,2.36244411326,685.932241379,181.111207769,98.6246569183,32.36,967.786666667,351.475874057,1.0,36.0,546.944444444,30.6388888889,16.6111111111,20.6574074074,8.66666666667
361,31.9108440525,3.03748756219,1.86987562189,749.639,182.650841173,104.003872561,31.96,1094.83555556,355.562383434,1.0,28.0555555556,361.222222222,29.1111111111,15.0833333333,20.0925925926,7.87037037037
362,21.9959899389,2.53684603886,1.66702790234,781.528096774,179.290274216,99.0178935153,26.96,1177.06222222,360.16996376,1.0,29.0833333333,278.777777778,29.1666666667,15.1111111111,20.25,7.59259259259
363,10.1155189297,1.42250744048,1.11139632937,857.934833333,176.898923468,97.4665488463,17.76,1018.49,235.231396501,0.6,37.5555555556,204.777777778,31.3333333333,16.6666666667,21.3518518519,7.64814814815
364,11.1885037221,0.920727453911,0.962755356253,892.07726087,195.520396067,109.348930327,12.92,1042.10333333,309.027322399,0.24,35.9444444444,196.222222222,30.9166666667,15.9722222222,20.6203703704,6.78703703704
365,23.6281602828,1.64483830846,1.14118159204,818.599461538,122.680678739,113.473073316,16.56,1467.56222222,279.016215211,0.56,39.4444444444,153.944444444,29.2777777778,14.4166666667,18.8240740741,5.48148148148
366,8.02909924948,0.493930348259,0.377723880597,925.206,177.387375526,111.824089231,7.16,1522.78666667,66.6241951379,0.04,58.75,72.5555555556,27.75,13.6666666667,17.0833333333,4.99074074074
367,13.6250930033,0.533109786388,0.378912071535,887.557291667,164.685286093,103.158336927,9.2,1601.65666667,82.5080124729,0.24,68.3333333333,72.1388888889,27.6388888889,13.6111111111,17.287037037,4.97222222222
368,21.1586638159,0.664713930348,0.521616915423,735.814153846,97.8892501886,128.472213349,7.48,1550.77555556,185.180568522,0.28,88.1944444444,80.4166666667,27.7222222222,13.5277777778,17.0833333333,4.44444444444
369,20.0606364294,0.818924650699,0.495833333333,623.267,151.571798476,108.974838855,6.72,1710.53444444,299.103575394,0.2,72.4722222222,74.8333333333,27.5,13.25,17.3888888889,4.48148148148
