0,9.99999974738e-05
1,9.99999974738e-05
2,0.0
3,9.99999974738e-05
4,0.0
5,0.0
6,0.0
7,0.0010000000475
8,0.000699999975041
9,0.000600000028498
10,0.00089999998454
11,0.000699999975041
12,0.00179999996908
13,0.00159999995958
14,0.000399999989895
15,0.000199999994948
16,9.99999974738e-05
17,0.000199999994948
18,0.000199999994948
19,9.99999974738e-05
20,9.99999974738e-05
21,9.99999974738e-05
22,9.99999974738e-05
23,9.99999974738e-05
24,9.99999974738e-05
25,9.99999974738e-05
26,0.00130000000354
27,0.0
28,0.00380000006407
29,0.00130000000354
30,0.00359999993816
31,0.00260000000708
32,0.00179999996908
33,0.00150000001304
34,0.00350000010803
35,0.00319999991916
36,0.00260000000708
37,0.00270000007004
38,0.00190000003204
39,0.00150000001304
40,0.000699999975041
41,0.020300000906
42,9.99999974738e-05
43,0.000199999994948
44,0.0
45,0.000199999994948
46,0.000300000014249
47,0.00370000000112
48,0.0153000000864
49,0.000399999989895
50,0.000300000014249
51,0.000199999994948
52,0.000600000028498
53,0.0010000000475
54,0.00570000009611
55,0.0216000005603
56,9.99999974738e-05
57,9.99999974738e-05
58,9.99999974738e-05
59,9.99999974738e-05
60,9.99999974738e-05
61,9.99999974738e-05
62,9.99999974738e-05
63,0.000399999989895
64,0.000399999989895
65,0.000600000028498
66,0.000600000028498
67,9.99999974738e-05
68,0.000399999989895
69,0.00419999985024
70,9.99999974738e-05
71,0.000199999994948
72,9.99999974738e-05
73,0.00109999999404
74,9.99999974738e-05
75,0.000199999994948
76,0.00209999992512
77,0.0
78,0.0
79,0.0
80,9.99999974738e-05
81,0.0
82,0.0
83,0.0
84,0.000199999994948
85,0.000600000028498
86,0.000300000014249
87,9.99999974738e-05
88,0.00139999995008
89,0.00109999999404
90,0.021099999547
91,9.99999974738e-05
92,9.99999974738e-05
93,0.00079999997979
94,9.99999974738e-05
95,9.99999974738e-05
96,9.99999974738e-05
97,0.00130000000354
98,0.000199999994948
99,0.00089999998454
100,0.000399999989895
101,9.99999974738e-05
102,9.99999974738e-05
103,0.000300000014249
104,0.0105999996886
105,9.99999974738e-05
106,9.99999974738e-05
107,0.000600000028498
108,9.99999974738e-05
109,0.0
110,9.99999974738e-05
111,0.00510000018403
112,9.99999974738e-05
113,9.99999974738e-05
114,0.0
115,0.0
116,9.99999974738e-05
117,9.99999974738e-05
118,0.000500000023749
119,0.00130000000354
120,0.00650000013411
121,0.0153000000864
122,0.00079999997979
123,0.000300000014249
124,0.000600000028498
125,0.00329999998212
126,0.0010000000475
127,0.001200000057
128,0.00319999991916
129,0.00150000001304
130,0.000199999994948
131,0.00130000000354
132,0.01600000076
133,0.0
134,9.99999974738e-05
135,9.99999974738e-05
136,0.0
137,0.0
138,0.000399999989895
139,0.00179999996908
140,0.0
141,9.99999974738e-05
142,0.0
143,9.99999974738e-05
144,9.99999974738e-05
145,0.000399999989895
146,0.00209999992512
147,9.99999974738e-05
148,9.99999974738e-05
149,0.001200000057
150,0.00329999998212
151,0.000500000023749
152,0.00150000001304
153,0.0129000004381
154,0.00130000000354
155,0.00109999999404
156,0.001200000057
157,0.00249999994412
158,0.000300000014249
159,0.00719999987632
160,0.0511000007391
161,0.000300000014249
162,0.00109999999404
163,0.00279999990016
164,0.000199999994948
165,0.000199999994948
166,0.00639999983832
167,0.0553999990225
168,9.99999974738e-05
169,9.99999974738e-05
170,9.99999974738e-05
171,9.99999974738e-05
172,9.99999974738e-05
173,9.99999974738e-05
174,0.00870000012219
175,0.00300000002608
176,0.0077999997884
177,0.00710000004619
178,0.00079999997979
179,9.99999974738e-05
180,0.00079999997979
181,0.00590000022203
182,0.00159999995958
183,0.00260000000708
184,0.0138999996707
185,0.00089999998454
186,0.000500000023749
187,0.00079999997979
188,0.0303000006825
189,0.0
190,0.0
191,0.0
192,9.99999974738e-05
193,0.00310000008903
194,0.00559999980032
195,0.0
196,9.99999974738e-05
197,9.99999974738e-05
198,0.0
199,0.00179999996908
200,9.99999974738e-05
201,0.00359999993816
202,0.00760000012815
203,9.99999974738e-05
204,0.00419999985024
205,0.000300000014249
206,0.0054999999702
207,0.00170000002254
208,0.00439999997616
209,0.0122999995947
210,0.000300000014249
211,0.0155999995768
212,0.00410000002012
213,0.00370000000112
214,0.000600000028498
215,0.0046999999322
216,0.0093999998644
217,9.99999974738e-05
218,0.0010000000475
219,9.99999974738e-05
220,9.99999974738e-05
221,0.00190000003204
222,0.0174000002444
223,0.0384999997914
224,0.000600000028498
225,0.00130000000354
226,0.000300000014249
227,0.00209999992512
228,0.00449999980628
229,0.0394000001252
230,0.0625
231,0.00310000008903
232,0.00150000001304
233,0.00329999998212
234,0.00289999996312
235,0.000500000023749
236,0.00800000037998
237,0.0291000008583
238,9.99999974738e-05
239,9.99999974738e-05
240,9.99999974738e-05
241,0.000199999994948
242,0.000399999989895
243,0.00659999996424
244,0.0077999997884
245,9.99999974738e-05
246,9.99999974738e-05
247,0.0
248,0.0
249,9.99999974738e-05
250,0.00249999994412
251,0.00209999992512
252,0.0
253,9.99999974738e-05
254,0.0
255,0.0
256,0.0
257,0.00279999990016
258,0.0
259,9.99999974738e-05
260,9.99999974738e-05
261,9.99999974738e-05
262,9.99999974738e-05
263,0.000300000014249
264,0.00350000010803
265,0.0174000002444
266,0.000199999994948
267,9.99999974738e-05
268,0.000300000014249
269,0.000300000014249
270,9.99999974738e-05
271,0.0010000000475
272,0.0153000000864
273,0.0
274,9.99999974738e-05
275,9.99999974738e-05
276,0.0
277,9.99999974738e-05
278,0.00350000010803
279,0.0138999996707
280,9.99999974738e-05
281,0.000300000014249
282,0.0
283,9.99999974738e-05
284,9.99999974738e-05
285,0.0215000007302
286,0.0416000001132
287,0.00410000002012
288,0.00870000012219
289,0.0038999998942
290,0.00400000018999
291,0.0126999998465
292,0.0593000017107
293,0.184300005436
294,0.00079999997979
295,0.00109999999404
296,0.000500000023749
297,0.000199999994948
298,0.00460000010207
299,0.0228000003844
300,0.0680000036955
301,0.000600000028498
302,0.0115999998525
303,0.0093999998644
304,0.000300000014249
305,0.00150000001304
306,0.00319999991916
307,0.0348000004888
308,9.99999974738e-05
309,9.99999974738e-05
310,0.000199999994948
311,0.0
312,0.0010000000475
313,9.99999974738e-05
314,0.00310000008903
315,9.99999974738e-05
316,9.99999974738e-05
317,9.99999974738e-05
318,9.99999974738e-05
319,9.99999974738e-05
320,0.00079999997979
321,0.00300000002608
322,9.99999974738e-05
323,9.99999974738e-05
324,0.00079999997979
325,0.000699999975041
326,9.99999974738e-05
327,9.99999974738e-05
328,0.0063000000082
329,9.99999974738e-05
330,9.99999974738e-05
331,9.99999974738e-05
332,0.000300000014249
333,9.99999974738e-05
334,0.00089999998454
335,0.020300000906
336,0.0
337,0.0
338,0.0
339,9.99999974738e-05
340,9.99999974738e-05
341,9.99999974738e-05
342,0.000199999994948
343,0.0
344,0.0
345,0.0
346,0.0
347,0.0
348,0.0
349,0.0
350,0.00200000009499
351,0.00789999961853
352,0.00740000000224
353,9.99999974738e-05
354,0.00230000005104
355,0.00570000009611
356,0.0725999996066
357,0.001200000057
358,0.001200000057
359,0.00329999998212
360,0.000300000014249
361,0.0110999997705
362,0.00460000010207
363,0.112000003457
364,9.99999974738e-05
365,9.99999974738e-05
366,9.99999974738e-05
367,9.99999974738e-05
368,9.99999974738e-05
369,0.000300000014249
370,0.00089999998454
371,9.99999974738e-05
372,9.99999974738e-05
373,9.99999974738e-05
374,0.000500000023749
375,0.000199999994948
376,0.00899999961257
377,0.0137999998406
378,0.0
379,0.0
380,0.0
381,0.0
382,9.99999974738e-05
383,0.000300000014249
384,0.00749999983236
385,0.0
386,0.0
387,0.0
388,0.0
389,0.0
390,0.0
391,0.0
392,0.000500000023749
393,0.00249999994412
394,0.00219999998808
395,0.00540000014007
396,0.00190000003204
397,0.00079999997979
398,0.134200006723
399,0.0010000000475
400,0.0133999995887
401,0.000300000014249
402,0.00370000000112
403,0.0119000002742
404,0.0153000000864
405,0.291999995708
406,0.000300000014249
407,9.99999974738e-05
408,9.99999974738e-05
409,9.99999974738e-05
410,9.99999974738e-05
411,9.99999974738e-05
412,0.000399999989895
413,0.000399999989895
414,0.000300000014249
415,9.99999974738e-05
416,0.000300000014249
417,0.000199999994948
418,0.00949999969453
419,0.0355000011623
420,9.99999974738e-05
421,0.000199999994948
422,0.000199999994948
423,9.99999974738e-05
424,9.99999974738e-05
425,0.0166999995708
426,0.0658000037074
427,9.99999974738e-05
428,9.99999974738e-05
429,9.99999974738e-05
430,9.99999974738e-05
431,9.99999974738e-05
432,0.000500000023749
433,0.00700000021607
434,0.0
435,0.0
436,9.99999974738e-05
437,9.99999974738e-05
438,0.000199999994948
439,0.0
440,0.0
441,0.00249999994412
442,0.00960000045598
443,0.000399999989895
444,0.00380000006407
445,0.00829999987036
446,0.00079999997979
447,0.127100005746
448,0.000199999994948
449,0.00449999980628
450,0.00179999996908
451,0.00590000022203
452,0.00139999995008
453,0.00529999984428
454,0.0900999978185
455,0.000199999994948
456,0.00130000000354
457,9.99999974738e-05
458,9.99999974738e-05
459,0.00659999996424
460,0.0152000002563
461,0.131699994206
462,0.0
463,0.0054999999702
464,0.0
465,0.0
466,9.99999974738e-05
467,0.00109999999404
468,0.00740000000224
469,0.00179999996908
470,0.00179999996908
471,0.000699999975041
472,0.00870000012219
473,0.016799999401
474,0.00449999980628
475,0.0207000002265
476,9.99999974738e-05
477,9.99999974738e-05
478,9.99999974738e-05
479,9.99999974738e-05
480,9.99999974738e-05
481,0.00200000009499
482,0.0093999998644
483,9.99999974738e-05
484,0.0
485,9.99999974738e-05
486,9.99999974738e-05
487,0.0
488,0.00139999995008
489,0.00529999984428
490,0.0
491,0.0
492,0.0
493,0.0
494,9.99999974738e-05
495,0.00209999992512
496,0.00270000007004
497,0.000199999994948
498,9.99999974738e-05
499,9.99999974738e-05
500,9.99999974738e-05
501,9.99999974738e-05
502,0.0
503,0.00340000004508
504,0.0
505,0.0
506,9.99999974738e-05
507,0.000300000014249
508,9.99999974738e-05
509,0.000399999989895
510,0.00529999984428
511,0.0038999998942
512,0.0615999996662
513,0.0259000007063
514,0.0109999999404
515,0.0228000003844
516,0.142000004649
517,0.367399990559
518,0.0054999999702
519,0.035300001502
520,0.00350000010803
521,0.0131000000983
522,0.0104999998584
523,0.0284000001848
524,0.21819999814
525,9.99999974738e-05
526,0.00230000005104
527,9.99999974738e-05
528,9.99999974738e-05
529,0.000199999994948
530,0.0313999988139
531,0.345299988985
532,0.0
533,0.00130000000354
534,0.0
535,0.0
536,0.0
537,9.99999974738e-05
538,0.0388999991119
539,0.00089999998454
540,0.00200000009499
541,0.00109999999404
542,0.00870000012219
543,0.00430000014603
544,0.00700000021607
545,0.00439999997616
546,9.99999974738e-05
547,0.000600000028498
548,0.000300000014249
549,0.00150000001304
550,0.00109999999404
551,0.00600000005215
552,0.0127999996766
553,0.0
554,9.99999974738e-05
555,0.000199999994948
556,9.99999974738e-05
557,9.99999974738e-05
558,0.0063000000082
559,0.00650000013411
560,9.99999974738e-05
561,0.0
562,9.99999974738e-05
563,0.0
564,9.99999974738e-05
565,0.00359999993816
566,0.0241000000387
567,9.99999974738e-05
568,0.0
569,9.99999974738e-05
570,0.0
571,9.99999974738e-05
572,9.99999974738e-05
573,0.0124000003561
574,0.0
575,0.000300000014249
576,0.00209999992512
577,0.0
578,0.000699999975041
579,0.0
580,0.00540000014007
581,0.0245999991894
582,0.107500001788
583,0.0261000003666
584,0.0300999991596
585,0.0483999997377
586,0.0498999990523
587,0.395700007677
588,0.0116999996826
589,0.0384000018239
590,0.0156999994069
591,0.0155999995768
592,0.0233999993652
593,0.0262000001967
594,0.198599994183
595,0.00760000012815
596,0.0362000018358
597,0.00800000037998
598,0.00490000005811
599,0.0054999999702
600,0.00150000001304
601,0.173500001431
602,0.00150000001304
603,0.00179999996908
604,0.00219999998808
605,0.0507999993861
606,0.0342999994755
607,0.0211999993771
608,0.0156999994069
609,9.99999974738e-05
610,0.00300000002608
611,0.00570000009611
612,0.0670000016689
613,0.00460000010207
614,0.00380000006407
615,0.0366000011563
616,0.0
617,0.0
618,0.0
619,0.0
620,9.99999974738e-05
621,0.000600000028498
622,0.001200000057
623,9.99999974738e-05
624,0.000300000014249
625,0.0
626,0.000300000014249
627,0.000399999989895
628,0.00230000005104
629,0.0131000000983
630,0.000300000014249
631,0.00439999997616
632,0.000199999994948
633,0.0010000000475
634,0.00430000014603
635,0.0140000004321
636,0.12800000608
637,0.0362999998033
638,0.112400002778
639,0.0469000004232
640,0.0272000003606
641,0.0615000016987
642,0.118799999356
643,0.216399997473
644,0.00590000022203
645,0.0163000002503
646,0.00089999998454
647,0.00240000011399
648,0.0100999996066
649,0.00529999984428
650,0.00749999983236
651,0.00130000000354
652,0.00319999991916
653,0.000600000028498
654,0.000199999994948
655,0.00719999987632
656,0.00319999991916
657,0.00230000005104
658,0.0
659,0.0
660,0.0
661,9.99999974738e-05
662,9.99999974738e-05
663,0.00249999994412
664,0.0120999999344
665,9.99999974738e-05
666,0.0
667,9.99999974738e-05
668,9.99999974738e-05
669,0.0390999987721
670,0.0864000022411
671,0.0357000008225
672,9.99999974738e-05
673,0.000600000028498
674,0.000199999994948
675,0.00439999997616
676,0.000600000028498
677,0.00529999984428
678,0.0271000005305
679,0.0136000001803
680,0.0270000007004
681,0.0214000009
682,0.0131999999285
683,0.0109999999404
684,0.0326000005007
685,0.269499987364
686,0.00810000021011
687,0.00949999969453
688,0.00480000022799
689,0.0125000001863
690,0.00810000021011
691,0.0280000008643
692,0.151999995112
693,9.99999974738e-05
694,0.000600000028498
695,9.99999974738e-05
696,0.00260000000708
697,0.00079999997979
698,0.0154999997467
699,0.0
700,0.00170000002254
701,0.00079999997979
702,0.0
703,0.000300000014249
704,0.00170000002254
705,0.00789999961853
706,0.0
707,9.99999974738e-05
708,0.000199999994948
709,9.99999974738e-05
710,0.00150000001304
711,0.00319999991916
712,0.00300000002608
713,0.0
714,9.99999974738e-05
715,0.0
716,9.99999974738e-05
717,9.99999974738e-05
718,0.000399999989895
719,0.0129000004381
720,0.00310000008903
721,9.99999974738e-05
722,9.99999974738e-05
723,9.99999974738e-05
724,0.000199999994948
725,0.00079999997979
726,9.99999974738e-05
727,0.00740000000224
728,0.00419999985024
729,0.0193000007421
730,0.0295000001788
731,0.0212999992073
732,0.00310000008903
733,0.0216000005603
734,0.236800000072
735,0.0137000000104
736,0.0388999991119
737,0.0465999990702
738,0.0359999984503
739,0.0300999991596
740,0.091099999845
741,0.207200005651
742,0.00370000000112
743,0.0175999999046
744,0.00109999999404
745,0.00680000009015
746,0.0247000008821
747,0.0529000014067
748,0.0520999990404
749,0.000399999989895
750,0.00260000000708
751,0.000399999989895
752,0.00190000003204
753,0.0046999999322
754,0.00710000004619
755,0.0
756,9.99999974738e-05
757,9.99999974738e-05
758,9.99999974738e-05
759,0.00240000011399
760,0.00150000001304
761,0.00089999998454
762,0.0
763,9.99999974738e-05
764,9.99999974738e-05
765,0.0
766,0.000399999989895
767,0.00109999999404
768,0.00170000002254
769,0.0
770,0.00240000011399
771,0.000399999989895
772,0.00139999995008
773,0.0175000000745
774,0.00620000017807
775,0.0201999992132
776,0.0366000011563
777,0.00170000002254
778,9.99999974738e-05
779,0.000500000023749
780,0.00590000022203
781,0.00130000000354
782,0.0135000003502
783,0.0148999998346
784,9.99999974738e-05
785,9.99999974738e-05
786,9.99999974738e-05
787,0.00089999998454
788,0.00089999998454
789,0.00079999997979
790,0.00400000018999
791,0.000199999994948
792,9.99999974738e-05
793,9.99999974738e-05
794,9.99999974738e-05
795,0.00079999997979
796,0.000500000023749
797,0.000399999989895
798,0.0
799,0.0
800,0.0
801,0.0
802,0.0
803,0.0
804,0.0
805,0.0
806,0.0
807,9.99999974738e-05
808,9.99999974738e-05
809,0.000500000023749
810,0.0
811,0.0318000018597
812,9.99999974738e-05
813,9.99999974738e-05
814,9.99999974738e-05
815,9.99999974738e-05
816,0.0063000000082
817,0.000399999989895
818,0.0494999997318
819,0.00730000017211
820,0.00920000020415
821,0.0249000005424
822,0.0141000002623
823,0.0104999998584
824,0.0110999997705
825,0.287600010633
826,0.0121999997646
827,0.0143999997526
828,0.0498000010848
829,0.0263999998569
830,0.018200000748
831,0.019200000912
832,0.271499991417
833,0.017100000754
834,0.00749999983236
835,0.0105999996886
836,0.0201999992132
837,0.0217000003904
838,0.00989999994636
839,0.0439999997616
840,0.000300000014249
841,0.00460000010207
842,0.000199999994948
843,0.00109999999404
844,9.99999974738e-05
845,0.00089999998454
846,0.000300000014249
847,0.000300000014249
848,0.000500000023749
849,0.000300000014249
850,0.000699999975041
851,0.001200000057
852,0.00130000000354
853,0.0
854,9.99999974738e-05
855,9.99999974738e-05
856,0.0
857,0.000600000028498
858,0.000699999975041
859,0.000600000028498
860,0.0
861,0.00559999980032
862,0.000199999994948
863,0.000399999989895
864,0.0077999997884
865,0.00410000002012
866,0.00319999991916
867,0.0156999994069
868,0.0
869,9.99999974738e-05
870,0.0
871,0.00109999999404
872,9.99999974738e-05
873,0.000199999994948
874,0.00300000002608
875,0.000199999994948
876,9.99999974738e-05
877,0.000199999994948
878,0.000399999989895
879,0.00319999991916
880,0.0010000000475
881,0.00710000004619
882,9.99999974738e-05
883,0.000699999975041
884,9.99999974738e-05
885,9.99999974738e-05
886,0.00109999999404
887,0.000199999994948
888,0.00380000006407
889,0.00079999997979
890,0.000500000023749
891,0.000500000023749
892,0.00170000002254
893,0.00609999988228
894,0.00329999998212
895,0.0522999987006
896,0.0245999991894
897,0.00700000021607
898,0.0186999998987
899,0.0236000008881
900,0.0118000004441
901,0.0177999995649
902,0.222800001502
903,0.0368999987841
904,0.00650000013411
905,0.0195000004023
906,0.0163000002503
907,0.0260000005364
908,0.0408000014722
909,0.350800007582
910,0.0370000004768
911,0.0204000007361
912,0.0121999997646
913,0.0110999997705
914,0.0423000007868
915,0.047499999404
916,0.317600011826
917,0.00419999985024
918,0.00270000007004
919,0.0010000000475
920,0.000399999989895
921,0.00359999993816
922,0.00870000012219
923,0.0186000000685
924,0.00179999996908
925,0.00540000014007
926,0.0054999999702
927,0.00449999980628
928,0.0142999999225
929,0.0147000001743
930,0.00449999980628
931,9.99999974738e-05
932,9.99999974738e-05
933,0.00089999998454
934,0.00300000002608
935,9.99999974738e-05
936,0.000399999989895
937,9.99999974738e-05
938,9.99999974738e-05
939,9.99999974738e-05
940,9.99999974738e-05
941,9.99999974738e-05
942,0.00170000002254
943,0.001200000057
944,0.00499999988824
945,0.0
946,0.0
947,0.0
948,0.0
949,0.0
950,0.0
951,0.0
952,9.99999974738e-05
953,9.99999974738e-05
954,9.99999974738e-05
955,9.99999974738e-05
956,0.0
957,0.0
958,0.000300000014249
959,0.000199999994948
960,0.000399999989895
961,9.99999974738e-05
962,0.00300000002608
963,0.00889999978244
964,0.0162000004202
965,0.0306000001729
966,0.00800000037998
967,0.00419999985024
968,0.00559999980032
969,0.0124000003561
970,0.0419000014663
971,0.0159000009298
972,0.139500007033
973,0.0434000007808
974,0.0266999993473
975,0.0201999992132
976,0.00910000037402
977,0.0586999990046
978,0.0505999997258
979,0.250800013542
980,0.021099999547
981,0.00910000037402
982,0.00289999996312
983,0.00590000022203
984,0.0141000002623
985,0.019200000912
986,0.0439999997616
987,0.0283000003546
988,0.040600001812
989,0.0129000004381
990,0.0142999999225
991,0.0241999998689
992,0.0458999983966
993,0.0377999991179
994,0.001200000057
995,0.00650000013411
996,0.00179999996908
997,0.00310000008903
998,0.00179999996908
999,0.0181000009179
1000,0.0077999997884
1001,0.000399999989895
1002,0.00310000008903
1003,0.00319999991916
1004,0.00240000011399
1005,0.0010000000475
1006,0.0270000007004
1007,0.000300000014249
1008,9.99999974738e-05
1009,9.99999974738e-05
1010,0.000199999994948
1011,9.99999974738e-05
1012,0.00079999997979
1013,9.99999974738e-05
1014,0.0
1015,0.00380000006407
1016,0.000500000023749
1017,0.00079999997979
1018,0.00520000001416
1019,0.00749999983236
1020,0.000699999975041
1021,0.000199999994948
1022,0.000300000014249
1023,0.000199999994948
1024,9.99999974738e-05
1025,9.99999974738e-05
1026,0.000500000023749
1027,0.00089999998454
1028,0.00310000008903
1029,0.0
1030,0.000300000014249
1031,9.99999974738e-05
1032,0.0
1033,0.0
1034,0.00079999997979
1035,0.000199999994948
1036,9.99999974738e-05
1037,9.99999974738e-05
1038,0.000399999989895
1039,9.99999974738e-05
1040,0.000399999989895
1041,0.00410000002012
1042,0.00540000014007
1043,0.00079999997979
1044,0.00170000002254
1045,0.00219999998808
1046,0.0136000001803
1047,0.0148000000045
1048,0.00380000006407
1049,0.0582000017166
1050,0.0159000009298
1051,0.00340000004508
1052,0.0038999998942
1053,0.00650000013411
1054,0.089500002563
1055,0.00540000014007
1056,0.01600000076
1057,0.0194000005722
1058,0.00839999970049
1059,0.00860000029206
1060,0.00419999985024
1061,0.0445999987423
1062,0.042199999094
1063,0.0445000007749
1064,0.00150000001304
1065,0.00109999999404
1066,0.00340000004508
1067,0.00300000002608
1068,0.0197999998927
1069,0.00340000004508
1070,0.00109999999404
1071,0.00219999998808
1072,0.00340000004508
1073,0.0111999996006
1074,0.0198999997228
1075,0.0157999992371
1076,0.0212999992073
1077,0.00879999995232
1078,0.00170000002254
1079,0.00760000012815
1080,0.00710000004619
1081,0.01070000045
1082,0.0038999998942
1083,0.00139999995008
1084,0.000300000014249
1085,0.00279999990016
1086,0.00139999995008
1087,0.00270000007004
1088,0.0054999999702
1089,0.00899999961257
1090,0.0198999997228
1091,0.0
1092,9.99999974738e-05
1093,9.99999974738e-05
1094,0.0
1095,9.99999974738e-05
1096,9.99999974738e-05
1097,0.017899999395
1098,0.000300000014249
1099,0.00279999990016
1100,0.00089999998454
1101,9.99999974738e-05
1102,0.00089999998454
1103,0.00130000000354
1104,0.000199999994948
1105,0.000699999975041
1106,0.0
1107,0.000600000028498
1108,0.0
1109,0.0
1110,0.0
1111,0.00079999997979
1112,0.000199999994948
1113,9.99999974738e-05
1114,9.99999974738e-05
1115,0.001200000057
1116,0.000600000028498
1117,0.0
1118,0.00359999993816
1119,0.00810000021011
1120,0.0010000000475
1121,0.000600000028498
1122,0.00279999990016
1123,0.00289999996312
1124,0.00219999998808
1125,0.0245999991894
1126,0.054699998349
1127,0.028599999845
1128,0.0104999998584
1129,0.00839999970049
1130,0.00980000011623
1131,0.01600000076
1132,0.0878999978304
1133,0.198400005698
1134,0.0417999997735
1135,0.0176999997348
1136,0.00659999996424
1137,0.0132999997586
1138,0.0161000005901
1139,0.0786999985576
1140,0.163800001144
1141,0.00689999992028
1142,0.00230000005104
1143,0.00260000000708
1144,0.000399999989895
1145,0.00419999985024
1146,0.0176999997348
1147,0.0119000002742
1148,0.0054999999702
1149,0.00529999984428
1150,0.00359999993816
1151,0.000500000023749
1152,0.00480000022799
1153,0.0131999999285
1154,0.00179999996908
1155,9.99999974738e-05
1156,0.000199999994948
1157,9.99999974738e-05
1158,0.00150000001304
1159,0.000199999994948
1160,0.00200000009499
1161,0.000500000023749
1162,0.0038999998942
1163,0.000300000014249
1164,0.00669999979436
1165,0.0377000011504
1166,0.0311999991536
1167,0.00719999987632
1168,0.000600000028498
1169,0.00240000011399
1170,9.99999974738e-05
1171,0.00159999995958
1172,0.0142999999225
1173,0.0122999995947
1174,0.00289999996312
1175,0.00829999987036
1176,0.00260000000708
1177,0.000300000014249
1178,9.99999974738e-05
1179,9.99999974738e-05
1180,0.000699999975041
1181,0.000500000023749
1182,0.000300000014249
1183,9.99999974738e-05
1184,9.99999974738e-05
1185,9.99999974738e-05
1186,0.00870000012219
1187,0.0
1188,0.00279999990016
1189,0.000699999975041
1190,0.000500000023749
1191,0.000699999975041
1192,0.00370000000112
1193,0.000600000028498
1194,0.00240000011399
1195,0.0142999999225
1196,0.0218000002205
1197,0.00340000004508
1198,0.00289999996312
1199,0.00230000005104
1200,0.00340000004508
1201,0.0063000000082
1202,0.0741999968886
1203,0.121299996972
1204,0.0306000001729
1205,0.0216000005603
1206,0.0186000000685
1207,0.00760000012815
1208,0.00300000002608
1209,0.207900002599
1210,0.218600004911
1211,0.0483000017703
1212,0.0211999993771
1213,0.0147000001743
1214,0.0263000000268
1215,0.0281000006944
1216,0.10869999975
1217,0.117899999022
1218,0.0173000004143
1219,0.00669999979436
1220,0.00089999998454
1221,0.00689999992028
1222,0.000500000023749
1223,0.0179999992251
1224,0.0151000004262
1225,0.0100999996066
1226,0.00710000004619
1227,0.0
1228,0.00319999991916
1229,0.0
1230,0.0156999994069
1231,0.000500000023749
1232,9.99999974738e-05
1233,0.000199999994948
1234,0.0
1235,0.000199999994948
1236,0.00139999995008
1237,0.00219999998808
1238,9.99999974738e-05
1239,0.00289999996312
1240,0.0010000000475
1241,0.00600000005215
1242,0.0306000001729
1243,0.0306000001729
1244,0.00639999983832
1245,0.00170000002254
1246,0.00089999998454
1247,0.000300000014249
1248,0.000699999975041
1249,0.0104000000283
1250,0.0114000001922
1251,0.00350000010803
1252,0.0276999995112
1253,0.0010000000475
1254,0.000399999989895
1255,0.000199999994948
1256,0.0010000000475
1257,0.00820000004023
1258,0.000699999975041
1259,0.0195000004023
1260,0.000399999989895
1261,0.000300000014249
1262,9.99999974738e-05
1263,0.000699999975041
1264,0.00590000022203
1265,0.000500000023749
1266,0.000199999994948
1267,0.000199999994948
1268,9.99999974738e-05
1269,9.99999974738e-05
1270,0.0188999995589
1271,0.000399999989895
1272,0.00689999992028
1273,0.0136000001803
1274,0.0010000000475
1275,0.00350000010803
1276,0.00089999998454
1277,0.00310000008903
1278,0.00300000002608
1279,0.0124000003561
1280,0.03579999879
1281,0.0322000011802
1282,0.0650999993086
1283,0.00910000037402
1284,0.00400000018999
1285,0.00590000022203
1286,0.0264999996871
1287,0.130600005388
1288,0.0214000009
1289,0.0311999991536
1290,0.0148999998346
1291,0.00310000008903
1292,0.00529999984428
1293,0.0533999986947
1294,0.10379999876
1295,0.00590000022203
1296,0.00570000009611
1297,0.00820000004023
1298,0.00650000013411
1299,0.00449999980628
1300,0.0104999998584
1301,0.0142999999225
1302,0.0188999995589
1303,0.00559999980032
1304,0.0
1305,0.0118000004441
1306,0.0
1307,0.024299999699
1308,0.01070000045
1309,0.00170000002254
1310,0.00130000000354
1311,0.0
1312,0.00079999997979
1313,0.0
1314,0.0181000009179
1315,9.99999974738e-05
1316,0.00150000001304
1317,0.000199999994948
1318,0.000300000014249
1319,0.000600000028498
1320,0.000500000023749
1321,0.00089999998454
1322,0.000199999994948
1323,0.00130000000354
1324,0.00109999999404
1325,0.00170000002254
1326,0.0148999998346
1327,0.00710000004619
1328,0.00419999985024
1329,0.0010000000475
1330,0.000399999989895
1331,0.000199999994948
1332,0.000300000014249
1333,0.00089999998454
1334,0.00209999992512
1335,0.000399999989895
1336,0.000699999975041
1337,0.000199999994948
1338,0.000399999989895
1339,0.000399999989895
1340,0.000300000014249
1341,0.00139999995008
1342,0.00249999994412
1343,0.00300000002608
1344,0.000300000014249
1345,0.000600000028498
1346,0.000300000014249
1347,0.00410000002012
1348,0.00329999998212
1349,0.00260000000708
1350,0.0551999993622
1351,0.0
1352,0.000300000014249
1353,9.99999974738e-05
1354,0.00109999999404
1355,9.99999974738e-05
1356,0.00089999998454
1357,0.00370000000112
1358,0.0
1359,9.99999974738e-05
1360,0.0151000004262
1361,0.0118000004441
1362,0.000500000023749
1363,9.99999974738e-05
1364,0.0263000000268
1365,0.00139999995008
1366,0.00089999998454
1367,0.000399999989895
1368,0.00150000001304
1369,0.00329999998212
1370,0.00520000001416
1371,0.0155999995768
1372,0.00850000046194
1373,0.0111999996006
1374,0.00219999998808
1375,0.00740000000224
1376,0.00559999980032
1377,0.0063000000082
1378,0.00499999988824
1379,0.0143999997526
1380,0.0263000000268
1381,0.0159000009298
1382,0.00079999997979
1383,0.00510000018403
1384,0.00999999977648
1385,0.040300000459
1386,0.00999999977648
1387,0.0131000000983
1388,0.0115000000224
1389,0.00400000018999
1390,0.00170000002254
1391,0.028599999845
1392,0.0388000011444
1393,0.0153000000864
1394,0.00689999992028
1395,0.00669999979436
1396,0.00179999996908
1397,0.000300000014249
1398,0.00400000018999
1399,0.00400000018999
1400,0.161699995399
1401,0.000699999975041
1402,0.0
1403,0.021099999547
1404,0.0
1405,0.0113000003621
1406,0.000300000014249
1407,0.00130000000354
1408,0.000199999994948
1409,0.00230000005104
1410,0.00480000022799
1411,0.000500000023749
1412,0.00340000004508
1413,0.00449999980628
1414,0.000500000023749
1415,0.00370000000112
1416,0.00130000000354
1417,0.00449999980628
1418,0.00639999983832
1419,0.00209999992512
1420,0.0115000000224
1421,9.99999974738e-05
1422,0.000500000023749
1423,0.000600000028498
1424,0.000500000023749
1425,0.000500000023749
1426,0.00089999998454
1427,0.00419999985024
1428,0.000300000014249
1429,0.000399999989895
1430,0.000199999994948
1431,0.00109999999404
1432,0.00260000000708
1433,0.000399999989895
1434,0.00860000029206
1435,0.000399999989895
1436,0.0010000000475
1437,0.0010000000475
1438,0.00190000003204
1439,0.00200000009499
1440,0.00350000010803
1441,0.0176999997348
1442,0.000199999994948
1443,0.000300000014249
1444,0.0469999983907
1445,0.0133999995887
1446,0.00209999992512
1447,0.00279999990016
1448,0.00669999979436
1449,0.00570000009611
1450,0.00289999996312
1451,0.129399999976
1452,0.0114000001922
1453,0.00350000010803
1454,0.00380000006407
1455,0.00639999983832
1456,0.033900000155
1457,0.0259000007063
1458,0.00860000029206
1459,0.00350000010803
1460,0.0063000000082
1461,0.00219999998808
1462,0.0217000003904
1463,0.054699998349
1464,0.0936999991536
1465,0.0193000007421
1466,0.00650000013411
1467,0.00179999996908
1468,0.00540000014007
1469,0.0215000007302
1470,0.0104999998584
1471,0.019200000912
1472,0.0104999998584
1473,0.00760000012815
1474,0.00329999998212
1475,0.00350000010803
1476,0.0388000011444
1477,9.99999974738e-05
1478,0.000199999994948
1479,9.99999974738e-05
1480,0.000199999994948
1481,0.00230000005104
1482,0.0
1483,0.000199999994948
1484,0.000500000023749
1485,0.000300000014249
1486,0.00179999996908
1487,0.00319999991916
1488,0.00139999995008
1489,0.00860000029206
1490,0.00310000008903
1491,0.000300000014249
1492,0.000500000023749
1493,0.00249999994412
1494,0.00190000003204
1495,0.00219999998808
1496,0.00170000002254
1497,0.00590000022203
1498,0.00089999998454
1499,0.000600000028498
1500,0.00230000005104
1501,0.00179999996908
1502,0.0093999998644
1503,0.000699999975041
1504,0.00499999988824
1505,0.000500000023749
1506,0.00329999998212
1507,0.00240000011399
1508,0.00319999991916
1509,0.00480000022799
1510,0.000600000028498
1511,0.0115999998525
1512,0.00109999999404
1513,0.00359999993816
1514,0.00650000013411
1515,0.00460000010207
1516,0.0046999999322
1517,0.00370000000112
1518,0.0375999994576
1519,0.0
1520,0.000399999989895
1521,0.0
1522,0.00089999998454
1523,0.000699999975041
1524,0.001200000057
1525,0.00710000004619
1526,0.00359999993816
1527,0.000600000028498
1528,0.0211999993771
1529,0.00510000018403
1530,0.00620000017807
1531,0.0214000009
1532,0.00860000029206
1533,0.0046999999322
1534,0.00949999969453
1535,0.0129000004381
1536,0.00789999961853
1537,0.00529999984428
1538,0.00380000006407
1539,0.0129000004381
1540,0.0212999992073
1541,0.0516000017524
1542,0.0174000002444
1543,0.00449999980628
1544,0.00279999990016
1545,0.00490000005811
1546,0.0333000011742
1547,0.0215000007302
1548,0.0370000004768
1549,0.0443999990821
1550,0.0217000003904
1551,0.00230000005104
1552,0.00650000013411
1553,0.0240000002086
1554,0.0141000002623
1555,0.0241000000387
1556,0.0137999998406
1557,0.00700000021607
1558,0.00150000001304
1559,0.01600000076
1560,0.0310999993235
1561,0.000199999994948
1562,9.99999974738e-05
1563,0.000500000023749
1564,0.00139999995008
1565,0.001200000057
1566,0.0
1567,0.000199999994948
1568,0.00190000003204
1569,0.000600000028498
1570,0.00109999999404
1571,0.0054999999702
1572,0.00289999996312
1573,0.00170000002254
1574,0.00800000037998
1575,0.000300000014249
1576,0.000600000028498
1577,0.00089999998454
1578,0.000199999994948
1579,0.00109999999404
1580,0.000300000014249
1581,0.0010000000475
1582,0.00079999997979
1583,0.00490000005811
1584,0.00590000022203
1585,0.00109999999404
1586,0.00279999990016
1587,0.00139999995008
1588,0.0206000003964
1589,0.00410000002012
1590,0.0368999987841
1591,0.0322999991477
1592,0.00600000005215
1593,0.0113000003621
1594,0.00209999992512
1595,0.0790999978781
1596,0.000600000028498
1597,0.00240000011399
1598,0.00439999997616
1599,0.00669999979436
1600,0.00380000006407
1601,0.00570000009611
1602,0.0397999994457
1603,0.0
1604,9.99999974738e-05
1605,0.00279999990016
1606,0.0
1607,0.00109999999404
1608,0.00079999997979
1609,0.00319999991916
1610,0.00480000022799
1611,0.00769999995828
1612,0.0149999996647
1613,0.0168999992311
1614,0.00310000008903
1615,0.00559999980032
1616,0.0188999995589
1617,0.00340000004508
1618,0.0193000007421
1619,0.00700000021607
1620,0.0318999998271
1621,0.00510000018403
1622,0.00200000009499
1623,0.0273000001907
1624,0.0131000000983
1625,0.0771000012755
1626,0.0255999993533
1627,0.0197000000626
1628,0.00620000017807
1629,0.00179999996908
1630,0.0245999991894
1631,0.0233999993652
1632,0.054200001061
1633,0.0346000008285
1634,0.0063000000082
1635,0.00279999990016
1636,0.00730000017211
1637,0.0125000001863
1638,0.0209999997169
1639,0.0348999984562
1640,0.0196000002325
1641,0.00870000012219
1642,0.00079999997979
1643,0.00200000009499
1644,0.0046999999322
1645,0.00279999990016
1646,0.00920000020415
1647,0.00879999995232
1648,0.00480000022799
1649,0.000199999994948
1650,0.00769999995828
1651,0.0259000007063
1652,9.99999974738e-05
1653,9.99999974738e-05
1654,0.00079999997979
1655,0.00109999999404
1656,9.99999974738e-05
1657,0.000600000028498
1658,9.99999974738e-05
1659,0.00089999998454
1660,0.000300000014249
1661,0.00270000007004
1662,0.000600000028498
1663,0.000300000014249
1664,0.00079999997979
1665,9.99999974738e-05
1666,9.99999974738e-05
1667,0.000500000023749
1668,0.000199999994948
1669,0.000399999989895
1670,9.99999974738e-05
1671,0.000300000014249
1672,0.00159999995958
1673,0.00200000009499
1674,0.00839999970049
1675,0.0054999999702
1676,0.00200000009499
1677,0.00089999998454
1678,0.00810000021011
1679,0.0454999990761
1680,0.00209999992512
1681,0.0305000003427
1682,0.0395000018179
1683,0.0351000018418
1684,0.0116999996826
1685,0.00820000004023
1686,0.0970999971032
1687,0.000500000023749
1688,0.00260000000708
1689,0.0237000007182
1690,0.0114000001922
1691,0.00659999996424
1692,0.00370000000112
1693,0.0414999984205
1694,0.000300000014249
1695,0.00439999997616
1696,0.0245999991894
1697,0.000600000028498
1698,0.00419999985024
1699,0.0063000000082
1700,0.0220999997109
1701,0.0120999999344
1702,0.0359000004828
1703,0.0340999998152
1704,0.023199999705
1705,0.0110999997705
1706,0.0281000006944
1707,0.0296000000089
1708,0.0142999999225
1709,0.042500000447
1710,0.0194000005722
1711,0.0236000008881
1712,0.00300000002608
1713,0.00620000017807
1714,0.0606000013649
1715,0.00949999969453
1716,0.0476999990642
1717,0.0229000002146
1718,0.028599999845
1719,0.00449999980628
1720,0.00179999996908
1721,0.0277999993414
1722,0.0483999997377
1723,0.0593999996781
1724,0.025399999693
1725,0.0197000000626
1726,0.00150000001304
1727,0.00150000001304
1728,0.0161000005901
1729,0.00680000009015
1730,0.0109000001103
1731,0.0120000001043
1732,0.00639999983832
1733,0.00079999997979
1734,0.00219999998808
1735,0.00460000010207
1736,0.00490000005811
1737,0.0046999999322
1738,0.00710000004619
1739,0.00480000022799
1740,9.99999974738e-05
1741,0.00400000018999
1742,0.0149999996647
1743,0.000399999989895
1744,0.000199999994948
1745,0.000300000014249
1746,0.000300000014249
1747,0.000399999989895
1748,0.000600000028498
1749,0.000300000014249
1750,0.00150000001304
1751,0.000600000028498
1752,0.0118000004441
1753,0.0299999993294
1754,0.0193000007421
1755,0.0196000002325
1756,0.00219999998808
1757,9.99999974738e-05
1758,0.000199999994948
1759,0.00240000011399
1760,0.0137000000104
1761,0.00829999987036
1762,0.00700000021607
1763,0.000600000028498
1764,0.000300000014249
1765,0.00109999999404
1766,0.00179999996908
1767,0.0038999998942
1768,0.000500000023749
1769,0.00190000003204
1770,0.00559999980032
1771,0.00130000000354
1772,0.0230999998748
1773,0.0555000007153
1774,0.0108000002801
1775,0.0122999995947
1776,0.00200000009499
1777,0.082000002265
1778,0.00319999991916
1779,0.0377999991179
1780,0.0511000007391
1781,0.0573000013828
1782,0.0175000000745
1783,0.00680000009015
1784,0.0861999988556
1785,9.99999974738e-05
1786,0.000300000014249
1787,0.00380000006407
1788,0.00139999995008
1789,0.00159999995958
1790,0.000199999994948
1791,0.0129000004381
1792,9.99999974738e-05
1793,9.99999974738e-05
1794,0.0
1795,9.99999974738e-05
1796,9.99999974738e-05
1797,0.000199999994948
1798,0.00209999992512
1799,0.00179999996908
1800,0.0174000002444
1801,0.016799999401
1802,0.00480000022799
1803,0.0054999999702
1804,0.0174000002444
1805,0.0197000000626
1806,0.00910000037402
1807,0.0636999979615
1808,0.0239000003785
1809,0.0127999996766
1810,0.00769999995828
1811,0.0399999991059
1812,0.0869999974966
1813,0.00209999992512
1814,0.00860000029206
1815,0.00639999983832
1816,0.00300000002608
1817,0.00139999995008
1818,0.041400000453
1819,0.0615000016987
1820,0.0342999994755
1821,0.0166999995708
1822,0.0131000000983
1823,0.017899999395
1824,0.00319999991916
1825,0.00139999995008
1826,0.0461000017822
1827,0.0790000036359
1828,0.0608999989927
1829,0.0562999993563
1830,0.0260000005364
1831,0.00310000008903
1832,0.00150000001304
1833,0.0186000000685
1834,0.00740000000224
1835,0.0156999994069
1836,0.0157999992371
1837,0.00769999995828
1838,0.00219999998808
1839,0.00249999994412
1840,0.00419999985024
1841,9.99999974738e-05
1842,0.000399999989895
1843,0.000500000023749
1844,0.000600000028498
1845,0.00079999997979
1846,0.00109999999404
1847,0.000600000028498
1848,0.000699999975041
1849,0.000300000014249
1850,0.0010000000475
1851,0.00289999996312
1852,0.00310000008903
1853,0.001200000057
1854,0.00190000003204
1855,0.00219999998808
1856,0.000300000014249
1857,0.00089999998454
1858,0.0163000002503
1859,0.0111999996006
1860,0.0172000005841
1861,0.00820000004023
1862,0.000500000023749
1863,0.0046999999322
1864,0.00179999996908
1865,0.00689999992028
1866,0.0115999998525
1867,0.0114000001922
1868,0.00899999961257
1869,0.000699999975041
1870,0.00710000004619
1871,0.00559999980032
1872,0.00820000004023
1873,0.00380000006407
1874,0.0252999998629
1875,0.0256999991834
1876,0.00620000017807
1877,0.00109999999404
1878,0.00159999995958
1879,0.00490000005811
1880,0.00150000001304
1881,0.00829999987036
1882,0.064099997282
1883,0.00230000005104
1884,0.000699999975041
1885,0.0102000003681
1886,0.00650000013411
1887,0.00200000009499
1888,0.0162000004202
1889,0.0245999991894
1890,9.99999974738e-05
1891,0.0
1892,0.00150000001304
1893,0.0144999995828
1894,0.000699999975041
1895,0.00350000010803
1896,0.000699999975041
1897,0.0010000000475
1898,9.99999974738e-05
1899,0.00190000003204
1900,9.99999974738e-05
1901,0.00219999998808
1902,0.00289999996312
1903,0.00650000013411
1904,0.019999999553
1905,0.0802000015974
1906,0.00710000004619
1907,0.0278999991715
1908,0.0179999992251
1909,0.0612999983132
1910,0.0498999990523
1911,0.0108000002801
1912,0.0876000002027
1913,0.0154999997467
1914,0.0156999994069
1915,0.0130000002682
1916,0.0434999987483
1917,0.106899999082
1918,0.00240000011399
1919,0.0533999986947
1920,0.0307999998331
1921,0.00329999998212
1922,0.00989999994636
1923,0.0410999991
1924,0.100599996746
1925,0.0110999997705
1926,0.0507000014186
1927,0.0141000002623
1928,0.0337000004947
1929,0.0116999996826
1930,0.0162000004202
1931,0.048900000751
1932,0.00130000000354
1933,0.0326000005007
1934,0.0229000002146
1935,0.00999999977648
1936,0.00510000018403
1937,0.00639999983832
1938,0.00860000029206
1939,0.00260000000708
1940,0.00300000002608
1941,0.0105999996886
1942,0.0388999991119
1943,0.033900000155
1944,0.00490000005811
1945,0.00089999998454
1946,0.000500000023749
1947,0.00279999990016
1948,0.00249999994412
1949,0.0165999997407
1950,0.00570000009611
1951,0.00300000002608
1952,0.00150000001304
1953,0.00150000001304
1954,0.00609999988228
1955,0.00240000011399
1956,0.00650000013411
1957,0.00209999992512
1958,0.00089999998454
1959,0.0120999999344
1960,0.000300000014249
1961,0.00419999985024
1962,0.00219999998808
1963,0.00079999997979
1964,0.000300000014249
1965,0.0147000001743
1966,0.0688000023365
1967,0.00170000002254
1968,9.99999974738e-05
1969,0.00230000005104
1970,0.00319999991916
1971,0.00079999997979
1972,0.0111999996006
1973,0.0646999999881
1974,0.00200000009499
1975,0.000199999994948
1976,0.00449999980628
1977,0.0046999999322
1978,0.00179999996908
1979,0.0309999994934
1980,0.0663999989629
1981,0.00179999996908
1982,0.00159999995958
1983,0.00359999993816
1984,0.00910000037402
1985,0.00289999996312
1986,0.0359000004828
1987,0.0317000001669
1988,9.99999974738e-05
1989,0.000399999989895
1990,0.00800000037998
1991,0.0370999984443
1992,0.00130000000354
1993,0.0146000003442
1994,0.00089999998454
1995,9.99999974738e-05
1996,9.99999974738e-05
1997,0.00989999994636
1998,0.0328000001609
1999,0.00200000009499
2000,0.0157999992371
2001,0.000500000023749
2002,0.00089999998454
2003,0.0110999997705
2004,0.0439000017941
2005,0.00559999980032
2006,0.00559999980032
2007,0.0436000004411
2008,0.00789999961853
2009,0.0377999991179
2010,0.128600001335
2011,0.0395999997854
2012,0.023199999705
2013,0.0126000000164
2014,0.0531999990344
2015,0.054200001061
2016,0.0794999971986
2017,0.144400000572
2018,0.102700002491
2019,0.0267999991775
2020,0.0172000005841
2021,0.0206000003964
2022,0.0851000025868
2023,0.0423999987543
2024,0.0797000005841
2025,0.0551000013947
2026,0.0254999995232
2027,0.0273000001907
2028,0.0386000014842
2029,0.192000001669
2030,0.0381999984384
2031,0.0710000023246
2032,0.019999999553
2033,0.0370999984443
2034,0.0223999992013
2035,0.0148999998346
2036,0.102799996734
2037,0.00089999998454
2038,0.00559999980032
2039,0.00340000004508
2040,9.99999974738e-05
2041,0.0046999999322
2042,0.00789999961853
2043,0.0138999996707
2044,0.000199999994948
2045,0.000199999994948
2046,0.00159999995958
2047,0.0153000000864
2048,0.00740000000224
2049,0.00159999995958
2050,0.0148999998346
2051,0.00150000001304
2052,0.00359999993816
2053,0.00559999980032
2054,0.021099999547
2055,0.0108000002801
2056,0.00179999996908
2057,0.000199999994948
2058,0.000699999975041
2059,0.00370000000112
2060,0.001200000057
2061,0.0010000000475
2062,0.00209999992512
2063,0.00170000002254
2064,0.00960000045598
2065,0.00230000005104
2066,0.0119000002742
2067,0.00839999970049
2068,0.00439999997616
2069,0.00319999991916
2070,0.0227000005543
2071,0.0157999992371
2072,0.0148000000045
2073,0.00370000000112
2074,0.00960000045598
2075,0.00600000005215
2076,0.00329999998212
2077,0.0148999998346
2078,0.0324000008404
2079,0.0320000015199
2080,0.00249999994412
2081,0.0135000003502
2082,0.0208999998868
2083,0.0077999997884
2084,0.0216000005603
2085,0.0250000003725
2086,0.00749999983236
2087,0.000500000023749
2088,0.0114000001922
2089,0.00999999977648
2090,0.00620000017807
2091,0.00769999995828
2092,0.000500000023749
2093,0.001200000057
2094,0.001200000057
2095,0.0891999974847
2096,0.00540000014007
2097,0.00260000000708
2098,0.00529999984428
2099,0.0208999998868
2100,0.00319999991916
2101,0.00109999999404
2102,0.0913999974728
2103,0.00439999997616
2104,0.00609999988228
2105,0.0293000005186
2106,0.0220999997109
2107,0.00289999996312
2108,0.0296999998391
2109,0.017899999395
2110,0.00520000001416
2111,0.00540000014007
2112,0.025399999693
2113,0.0351999998093
2114,0.0111999996006
2115,0.074500001967
2116,0.0129000004381
2117,0.00680000009015
2118,0.0120999999344
2119,0.0216000005603
2120,0.0322999991477
2121,0.0266999993473
2122,0.0077999997884
2123,0.0206000003964
2124,0.00700000021607
2125,0.0163000002503
2126,0.00089999998454
2127,0.01070000045
2128,0.0236000008881
2129,0.0384999997914
2130,0.040300000459
2131,0.00460000010207
2132,0.0599000006914
2133,0.0370000004768
2134,0.110399998724
2135,0.00609999988228
2136,0.0351999998093
2137,0.0154999997467
2138,0.0197999998927
2139,0.0140000004321
2140,0.0359999984503
2141,0.0351000018418
2142,9.99999974738e-05
2143,0.00230000005104
2144,0.000399999989895
2145,9.99999974738e-05
2146,0.000300000014249
2147,0.00350000010803
2148,0.00659999996424
2149,0.0
2150,0.00249999994412
2151,0.0116999996826
2152,0.00730000017211
2153,0.0130000002682
2154,0.00289999996312
2155,0.0175000000745
2156,0.00719999987632
2157,0.0154999997467
2158,0.0186000000685
2159,0.0608999989927
2160,0.0215000007302
2161,0.00540000014007
2162,0.0588999986649
2163,0.00870000012219
2164,0.00340000004508
2165,0.0120000001043
2166,0.0122999995947
2167,0.0126999998465
2168,0.00559999980032
2169,0.00150000001304
2170,0.00359999993816
2171,0.00230000005104
2172,0.00680000009015
2173,0.00689999992028
2174,0.00380000006407
2175,0.0120999999344
2176,0.00829999987036
2177,0.0535999983549
2178,0.0104999998584
2179,0.040600001812
2180,0.0124000003561
2181,0.0136000001803
2182,0.0456000007689
2183,0.0612000003457
2184,0.0381999984384
2185,0.00829999987036
2186,0.0610999986529
2187,0.0458000004292
2188,0.0395000018179
2189,0.0515000000596
2190,0.0412000007927
2191,0.00839999970049
2192,0.00279999990016
2193,0.0261000003666
2194,0.0135000003502
2195,0.00490000005811
2196,0.00850000046194
2197,0.000199999994948
2198,0.00769999995828
2199,0.00650000013411
2200,0.0693000033498
2201,0.0289999991655
2202,0.00760000012815
2203,0.00850000046194
2204,0.0584000013769
2205,0.000600000028498
2206,0.00659999996424
2207,0.0263999998569
2208,0.0189999993891
2209,0.0038999998942
2210,0.00829999987036
2211,0.0175000000745
2212,0.00159999995958
2213,0.0209999997169
2214,0.0104999998584
2215,0.0215000007302
2216,0.0124000003561
2217,0.0293000005186
2218,0.0324000008404
2219,0.00089999998454
2220,0.0159000009298
2221,0.00159999995958
2222,0.00999999977648
2223,0.0100999996066
2224,0.0174000002444
2225,0.0384999997914
2226,0.00150000001304
2227,0.0401999987662
2228,0.0244999993593
2229,0.00219999998808
2230,0.00590000022203
2231,0.00850000046194
2232,0.0241000000387
2233,0.00769999995828
2234,0.0142999999225
2235,0.028599999845
2236,0.0109999999404
2237,0.0118000004441
2238,0.0133999995887
2239,0.0236000008881
2240,0.001200000057
2241,0.0122999995947
2242,0.0287999995053
2243,0.0251000002027
2244,0.0249000005424
2245,0.0348999984562
2246,0.0582000017166
2247,0.000199999994948
2248,0.00989999994636
2249,0.0252999998629
2250,0.0177999995649
2251,0.0119000002742
2252,0.0237000007182
2253,0.0329000018537
2254,0.0142999999225
2255,0.0254999995232
2256,0.021099999547
2257,0.0198999997228
2258,0.0245999991894
2259,0.0214000009
2260,0.00749999983236
2261,0.0
2262,0.000600000028498
2263,0.00510000018403
2264,0.00449999980628
2265,0.0113000003621
2266,0.000699999975041
2267,0.0063000000082
2268,0.00749999983236
2269,0.0114000001922
2270,0.00669999979436
2271,0.0297999996692
2272,0.0193000007421
2273,0.00650000013411
2274,0.0861999988556
2275,0.00609999988228
2276,0.00749999983236
2277,0.00219999998808
2278,0.00700000021607
2279,0.0054999999702
2280,0.0116999996826
2281,0.0228000003844
2282,0.0010000000475
2283,0.0234999991953
2284,0.0310999993235
2285,0.0125000001863
2286,0.00499999988824
2287,0.016799999401
2288,0.0125000001863
2289,0.0113000003621
2290,0.0401999987662
2291,0.0456999987364
2292,0.0416000001132
2293,0.0278999991715
2294,0.0135000003502
2295,0.0206000003964
2296,0.00430000014603
2297,0.0120000001043
2298,0.0135000003502
2299,0.0149999996647
2300,0.00740000000224
2301,0.0176999997348
2302,0.0209999997169
2303,0.0038999998942
2304,0.00279999990016
2305,0.0174000002444
2306,0.0326999984682
2307,0.00260000000708
2308,0.00439999997616
2309,0.0507000014186
2310,0.0102000003681
2311,0.0136000001803
2312,0.0126999998465
2313,0.0193000007421
2314,0.0122999995947
2315,0.0176999997348
2316,0.0502999983728
2317,0.0269000008702
2318,0.0432000011206
2319,0.0395999997854
2320,0.0311999991536
2321,0.0219999998808
2322,0.0434000007808
2323,0.0571000017226
2324,0.0093999998644
2325,0.025399999693
2326,0.0595999993384
2327,0.0930999964476
2328,0.0362999998033
2329,0.0443000011146
2330,0.0668999999762
2331,0.0046999999322
2332,0.019200000912
2333,0.00190000003204
2334,0.0243999995291
2335,0.00820000004023
2336,0.0120000001043
2337,0.0359000004828
2338,0.001200000057
2339,0.0149999996647
2340,0.00930000003427
2341,0.0133999995887
2342,0.0102000003681
2343,0.00669999979436
2344,0.0803000032902
2345,0.00319999991916
2346,0.0408999994397
2347,0.0458000004292
2348,0.0310999993235
2349,0.0296000000089
2350,0.0226000007242
2351,0.0390999987721
2352,0.00170000002254
2353,0.0362999998033
2354,0.0480999983847
2355,0.0328000001609
2356,0.0254999995232
2357,0.0728999972343
2358,0.106299996376
2359,0.0
2360,0.00439999997616
2361,0.00769999995828
2362,0.00419999985024
2363,0.00540000014007
2364,0.0137000000104
2365,0.0154999997467
2366,0.00639999983832
2367,0.0110999997705
2368,0.00639999983832
2369,0.018200000748
2370,0.0185000002384
2371,0.0234999991953
2372,0.0428999997675
2373,0.0156999994069
2374,0.0177999995649
2375,0.0194000005722
2376,0.0186999998987
2377,0.0126999998465
2378,0.0137999998406
2379,0.0149999996647
2380,0.0137999998406
2381,0.00410000002012
2382,0.00850000046194
2383,0.0313999988139
2384,0.00789999961853
2385,0.00319999991916
2386,0.0509999990463
2387,0.00639999983832
2388,0.0121999997646
2389,0.00350000010803
2390,0.0147000001743
2391,0.0122999995947
2392,0.0166999995708
2393,0.0671999976039
2394,0.000199999994948
2395,0.00590000022203
2396,0.00159999995958
2397,0.00240000011399
2398,0.00249999994412
2399,0.0137000000104
2400,0.00760000012815
2401,0.00300000002608
2402,0.0436999984086
2403,0.0368999987841
2404,0.0179999992251
2405,0.0100999996066
2406,0.0166999995708
2407,0.0186000000685
2408,0.00209999992512
2409,0.0093999998644
2410,0.0306000001729
2411,0.0110999997705
2412,0.0217000003904
2413,0.0
2414,0.00860000029206
2415,0.00179999996908
2416,0.0046999999322
2417,0.0038999998942
2418,0.00749999983236
2419,0.00270000007004
2420,0.00300000002608
2421,0.0164000000805
2422,0.000500000023749
2423,0.00200000009499
2424,0.00350000010803
2425,0.0113000003621
2426,0.00159999995958
2427,0.00600000005215
2428,0.0225000008941
2429,0.000500000023749
2430,0.00240000011399
2431,0.00200000009499
2432,0.00920000020415
2433,0.00179999996908
2434,0.00179999996908
2435,0.0136000001803
2436,0.020300000906
2437,0.0252999998629
2438,0.0239000003785
2439,0.0252000000328
2440,0.0147000001743
2441,0.054699998349
2442,0.0771000012755
2443,0.00989999994636
2444,0.0173000004143
2445,0.0308999996632
2446,0.0174000002444
2447,0.0143999997526
2448,0.0251000002027
2449,0.0452000014484
2450,0.00350000010803
2451,0.041400000453
2452,0.0443999990821
2453,0.0293000005186
2454,0.0144999995828
2455,0.0386999994516
2456,0.0465999990702
2457,0.00300000002608
2458,0.0230999998748
2459,0.00930000003427
2460,0.0220999997109
2461,0.0284000001848
2462,0.0230999998748
2463,0.0659999996424
2464,0.000699999975041
2465,0.000300000014249
2466,0.000600000028498
2467,0.000600000028498
2468,0.000300000014249
2469,0.000500000023749
2470,0.00159999995958
2471,0.000300000014249
2472,0.000699999975041
2473,0.00910000037402
2474,0.00200000009499
2475,0.00079999997979
2476,0.00370000000112
2477,0.00130000000354
2478,0.000199999994948
2479,9.99999974738e-05
2480,0.000300000014249
2481,0.000199999994948
2482,9.99999974738e-05
2483,0.000500000023749
2484,0.00260000000708
2485,0.00139999995008
2486,0.00769999995828
2487,0.00499999988824
2488,0.0143999997526
2489,0.0173000004143
2490,0.0228000003844
2491,0.0606999993324
2492,9.99999974738e-05
2493,0.00209999992512
2494,0.00350000010803
2495,0.00439999997616
2496,0.00219999998808
2497,0.00499999988824
2498,0.00910000037402
2499,9.99999974738e-05
2500,0.00559999980032
2501,0.00340000004508
2502,0.00820000004023
2503,0.00700000021607
2504,0.00209999992512
2505,0.00769999995828
2506,9.99999974738e-05
2507,0.00190000003204
2508,0.00109999999404
2509,0.00249999994412
2510,0.00520000001416
2511,0.00249999994412
2512,0.00740000000224
2513,9.99999974738e-05
2514,0.00529999984428
2515,0.00380000006407
2516,0.00740000000224
2517,0.00370000000112
2518,0.0163000002503
2519,0.00620000017807
2520,0.00079999997979
2521,0.00510000018403
2522,0.00139999995008
2523,0.00419999985024
2524,0.00150000001304
2525,0.033900000155
2526,9.99999974738e-05
2527,0.000500000023749
2528,0.0104000000283
2529,0.00279999990016
2530,0.0269000008702
2531,0.000600000028498
2532,0.0333000011742
2533,0.0193000007421
2534,0.00079999997979
2535,0.0141000002623
2536,0.0185000002384
2537,0.0175000000745
2538,0.00410000002012
2539,0.0626000016928
2540,0.000399999989895
2541,9.99999974738e-05
2542,0.00350000010803
2543,0.00980000011623
2544,0.00289999996312
2545,0.00209999992512
2546,0.0252999998629
2547,0.0196000002325
2548,0.00089999998454
2549,0.00079999997979
2550,0.00159999995958
2551,0.00230000005104
2552,0.00310000008903
2553,0.0054999999702
2554,0.0077999997884
2555,0.0093999998644
2556,0.00310000008903
2557,0.00829999987036
2558,0.0125000001863
2559,0.00710000004619
2560,0.0263000000268
2561,0.000399999989895
2562,9.99999974738e-05
2563,0.00710000004619
2564,0.0113000003621
2565,0.00839999970049
2566,0.0110999997705
2567,0.0173000004143
2568,0.0142999999225
2569,9.99999974738e-05
2570,0.00689999992028
2571,0.0423999987543
2572,0.00300000002608
2573,0.00639999983832
2574,0.0140000004321
2575,0.0562999993563
2576,0.00209999992512
2577,0.00740000000224
2578,0.00949999969453
2579,0.00839999970049
2580,0.0151000004262
2581,0.0166999995708
2582,0.0507999993861
2583,0.0038999998942
2584,0.016799999401
2585,0.019999999553
2586,0.0179999992251
2587,0.0232999995351
2588,0.00700000021607
2589,0.048599999398
